[
{
  "model": "admin.logentry",
  "pk": 1,
  "fields": {
    "action_time": "2026-01-07T14:44:20.537Z",
    "user": 1,
    "content_type": 8,
    "object_id": "1",
    "object_repr": "ANR",
    "action_flag": 1,
    "change_message": "[{\"added\": {}}]"
  }
},
{
  "model": "admin.logentry",
  "pk": 2,
  "fields": {
    "action_time": "2026-01-07T14:48:59.828Z",
    "user": 1,
    "content_type": 4,
    "object_id": "2",
    "object_repr": "jlondja",
    "action_flag": 1,
    "change_message": "[{\"added\": {}}]"
  }
},
{
  "model": "admin.logentry",
  "pk": 3,
  "fields": {
    "action_time": "2026-01-07T14:50:58.868Z",
    "user": 1,
    "content_type": 7,
    "object_id": "1",
    "object_repr": "Jean Paul Londja (ANR/0026)",
    "action_flag": 1,
    "change_message": "[{\"added\": {}}]"
  }
},
{
  "model": "admin.logentry",
  "pk": 4,
  "fields": {
    "action_time": "2026-01-10T21:12:17.645Z",
    "user": 1,
    "content_type": 11,
    "object_id": "1",
    "object_repr": "Mission test 001",
    "action_flag": 1,
    "change_message": "[{\"added\": {}}]"
  }
},
{
  "model": "admin.logentry",
  "pk": 5,
  "fields": {
    "action_time": "2026-01-10T21:30:03.409Z",
    "user": 1,
    "content_type": 11,
    "object_id": "2",
    "object_repr": "0002/Test",
    "action_flag": 1,
    "change_message": "[{\"added\": {}}]"
  }
},
{
  "model": "admin.logentry",
  "pk": 6,
  "fields": {
    "action_time": "2026-01-12T17:56:25.766Z",
    "user": 1,
    "content_type": 11,
    "object_id": "4",
    "object_repr": "Mission DG SNEL",
    "action_flag": 1,
    "change_message": "[{\"added\": {}}]"
  }
},
{
  "model": "admin.logentry",
  "pk": 7,
  "fields": {
    "action_time": "2026-01-12T18:02:53.846Z",
    "user": 1,
    "content_type": 21,
    "object_id": "1",
    "object_repr": "Alerte (IN_PROGRESS)",
    "action_flag": 1,
    "change_message": "[{\"added\": {}}]"
  }
},
{
  "model": "admin.logentry",
  "pk": 8,
  "fields": {
    "action_time": "2026-01-12T18:10:13.704Z",
    "user": 1,
    "content_type": 21,
    "object_id": "1",
    "object_repr": "Alerte (TODO)",
    "action_flag": 2,
    "change_message": "[{\"changed\": {\"fields\": [\"Status\", \"Started at\"]}}]"
  }
},
{
  "model": "admin.logentry",
  "pk": 9,
  "fields": {
    "action_time": "2026-01-12T18:30:36.593Z",
    "user": 1,
    "content_type": 21,
    "object_id": "1",
    "object_repr": "Alerte (TODO)",
    "action_flag": 2,
    "change_message": "[]"
  }
},
{
  "model": "admin.logentry",
  "pk": 10,
  "fields": {
    "action_time": "2026-01-12T18:43:54.162Z",
    "user": 1,
    "content_type": 21,
    "object_id": "2",
    "object_repr": "Test (TODO)",
    "action_flag": 1,
    "change_message": "[{\"added\": {}}]"
  }
},
{
  "model": "auth.permission",
  "pk": 1,
  "fields": {
    "name": "Can add log entry",
    "content_type": 1,
    "codename": "add_logentry"
  }
},
{
  "model": "auth.permission",
  "pk": 2,
  "fields": {
    "name": "Can change log entry",
    "content_type": 1,
    "codename": "change_logentry"
  }
},
{
  "model": "auth.permission",
  "pk": 3,
  "fields": {
    "name": "Can delete log entry",
    "content_type": 1,
    "codename": "delete_logentry"
  }
},
{
  "model": "auth.permission",
  "pk": 4,
  "fields": {
    "name": "Can view log entry",
    "content_type": 1,
    "codename": "view_logentry"
  }
},
{
  "model": "auth.permission",
  "pk": 5,
  "fields": {
    "name": "Can add permission",
    "content_type": 3,
    "codename": "add_permission"
  }
},
{
  "model": "auth.permission",
  "pk": 6,
  "fields": {
    "name": "Can change permission",
    "content_type": 3,
    "codename": "change_permission"
  }
},
{
  "model": "auth.permission",
  "pk": 7,
  "fields": {
    "name": "Can delete permission",
    "content_type": 3,
    "codename": "delete_permission"
  }
},
{
  "model": "auth.permission",
  "pk": 8,
  "fields": {
    "name": "Can view permission",
    "content_type": 3,
    "codename": "view_permission"
  }
},
{
  "model": "auth.permission",
  "pk": 9,
  "fields": {
    "name": "Can add group",
    "content_type": 2,
    "codename": "add_group"
  }
},
{
  "model": "auth.permission",
  "pk": 10,
  "fields": {
    "name": "Can change group",
    "content_type": 2,
    "codename": "change_group"
  }
},
{
  "model": "auth.permission",
  "pk": 11,
  "fields": {
    "name": "Can delete group",
    "content_type": 2,
    "codename": "delete_group"
  }
},
{
  "model": "auth.permission",
  "pk": 12,
  "fields": {
    "name": "Can view group",
    "content_type": 2,
    "codename": "view_group"
  }
},
{
  "model": "auth.permission",
  "pk": 13,
  "fields": {
    "name": "Can add user",
    "content_type": 4,
    "codename": "add_user"
  }
},
{
  "model": "auth.permission",
  "pk": 14,
  "fields": {
    "name": "Can change user",
    "content_type": 4,
    "codename": "change_user"
  }
},
{
  "model": "auth.permission",
  "pk": 15,
  "fields": {
    "name": "Can delete user",
    "content_type": 4,
    "codename": "delete_user"
  }
},
{
  "model": "auth.permission",
  "pk": 16,
  "fields": {
    "name": "Can view user",
    "content_type": 4,
    "codename": "view_user"
  }
},
{
  "model": "auth.permission",
  "pk": 17,
  "fields": {
    "name": "Can add content type",
    "content_type": 5,
    "codename": "add_contenttype"
  }
},
{
  "model": "auth.permission",
  "pk": 18,
  "fields": {
    "name": "Can change content type",
    "content_type": 5,
    "codename": "change_contenttype"
  }
},
{
  "model": "auth.permission",
  "pk": 19,
  "fields": {
    "name": "Can delete content type",
    "content_type": 5,
    "codename": "delete_contenttype"
  }
},
{
  "model": "auth.permission",
  "pk": 20,
  "fields": {
    "name": "Can view content type",
    "content_type": 5,
    "codename": "view_contenttype"
  }
},
{
  "model": "auth.permission",
  "pk": 21,
  "fields": {
    "name": "Can add session",
    "content_type": 6,
    "codename": "add_session"
  }
},
{
  "model": "auth.permission",
  "pk": 22,
  "fields": {
    "name": "Can change session",
    "content_type": 6,
    "codename": "change_session"
  }
},
{
  "model": "auth.permission",
  "pk": 23,
  "fields": {
    "name": "Can delete session",
    "content_type": 6,
    "codename": "delete_session"
  }
},
{
  "model": "auth.permission",
  "pk": 24,
  "fields": {
    "name": "Can view session",
    "content_type": 6,
    "codename": "view_session"
  }
},
{
  "model": "auth.permission",
  "pk": 25,
  "fields": {
    "name": "Can add service",
    "content_type": 8,
    "codename": "add_service"
  }
},
{
  "model": "auth.permission",
  "pk": 26,
  "fields": {
    "name": "Can change service",
    "content_type": 8,
    "codename": "change_service"
  }
},
{
  "model": "auth.permission",
  "pk": 27,
  "fields": {
    "name": "Can delete service",
    "content_type": 8,
    "codename": "delete_service"
  }
},
{
  "model": "auth.permission",
  "pk": 28,
  "fields": {
    "name": "Can view service",
    "content_type": 8,
    "codename": "view_service"
  }
},
{
  "model": "auth.permission",
  "pk": 29,
  "fields": {
    "name": "Can add agent",
    "content_type": 7,
    "codename": "add_agent"
  }
},
{
  "model": "auth.permission",
  "pk": 30,
  "fields": {
    "name": "Can change agent",
    "content_type": 7,
    "codename": "change_agent"
  }
},
{
  "model": "auth.permission",
  "pk": 31,
  "fields": {
    "name": "Can delete agent",
    "content_type": 7,
    "codename": "delete_agent"
  }
},
{
  "model": "auth.permission",
  "pk": 32,
  "fields": {
    "name": "Can view agent",
    "content_type": 7,
    "codename": "view_agent"
  }
},
{
  "model": "auth.permission",
  "pk": 33,
  "fields": {
    "name": "Can add contribution",
    "content_type": 9,
    "codename": "add_contribution"
  }
},
{
  "model": "auth.permission",
  "pk": 34,
  "fields": {
    "name": "Can change contribution",
    "content_type": 9,
    "codename": "change_contribution"
  }
},
{
  "model": "auth.permission",
  "pk": 35,
  "fields": {
    "name": "Can delete contribution",
    "content_type": 9,
    "codename": "delete_contribution"
  }
},
{
  "model": "auth.permission",
  "pk": 36,
  "fields": {
    "name": "Can view contribution",
    "content_type": 9,
    "codename": "view_contribution"
  }
},
{
  "model": "auth.permission",
  "pk": 37,
  "fields": {
    "name": "Can add audit log",
    "content_type": 10,
    "codename": "add_auditlog"
  }
},
{
  "model": "auth.permission",
  "pk": 38,
  "fields": {
    "name": "Can change audit log",
    "content_type": 10,
    "codename": "change_auditlog"
  }
},
{
  "model": "auth.permission",
  "pk": 39,
  "fields": {
    "name": "Can delete audit log",
    "content_type": 10,
    "codename": "delete_auditlog"
  }
},
{
  "model": "auth.permission",
  "pk": 40,
  "fields": {
    "name": "Can view audit log",
    "content_type": 10,
    "codename": "view_auditlog"
  }
},
{
  "model": "auth.permission",
  "pk": 41,
  "fields": {
    "name": "Can add mission",
    "content_type": 11,
    "codename": "add_mission"
  }
},
{
  "model": "auth.permission",
  "pk": 42,
  "fields": {
    "name": "Can change mission",
    "content_type": 11,
    "codename": "change_mission"
  }
},
{
  "model": "auth.permission",
  "pk": 43,
  "fields": {
    "name": "Can delete mission",
    "content_type": 11,
    "codename": "delete_mission"
  }
},
{
  "model": "auth.permission",
  "pk": 44,
  "fields": {
    "name": "Can view mission",
    "content_type": 11,
    "codename": "view_mission"
  }
},
{
  "model": "auth.permission",
  "pk": 45,
  "fields": {
    "name": "Can add decision",
    "content_type": 12,
    "codename": "add_decision"
  }
},
{
  "model": "auth.permission",
  "pk": 46,
  "fields": {
    "name": "Can change decision",
    "content_type": 12,
    "codename": "change_decision"
  }
},
{
  "model": "auth.permission",
  "pk": 47,
  "fields": {
    "name": "Can delete decision",
    "content_type": 12,
    "codename": "delete_decision"
  }
},
{
  "model": "auth.permission",
  "pk": 48,
  "fields": {
    "name": "Can view decision",
    "content_type": 12,
    "codename": "view_decision"
  }
},
{
  "model": "auth.permission",
  "pk": 49,
  "fields": {
    "name": "Can add recoupement ticket",
    "content_type": 13,
    "codename": "add_recoupementticket"
  }
},
{
  "model": "auth.permission",
  "pk": 50,
  "fields": {
    "name": "Can change recoupement ticket",
    "content_type": 13,
    "codename": "change_recoupementticket"
  }
},
{
  "model": "auth.permission",
  "pk": 51,
  "fields": {
    "name": "Can delete recoupement ticket",
    "content_type": 13,
    "codename": "delete_recoupementticket"
  }
},
{
  "model": "auth.permission",
  "pk": 52,
  "fields": {
    "name": "Can view recoupement ticket",
    "content_type": 13,
    "codename": "view_recoupementticket"
  }
},
{
  "model": "auth.permission",
  "pk": 53,
  "fields": {
    "name": "Can add recoupement response",
    "content_type": 14,
    "codename": "add_recoupementresponse"
  }
},
{
  "model": "auth.permission",
  "pk": 54,
  "fields": {
    "name": "Can change recoupement response",
    "content_type": 14,
    "codename": "change_recoupementresponse"
  }
},
{
  "model": "auth.permission",
  "pk": 55,
  "fields": {
    "name": "Can delete recoupement response",
    "content_type": 14,
    "codename": "delete_recoupementresponse"
  }
},
{
  "model": "auth.permission",
  "pk": 56,
  "fields": {
    "name": "Can view recoupement response",
    "content_type": 14,
    "codename": "view_recoupementresponse"
  }
},
{
  "model": "auth.permission",
  "pk": 57,
  "fields": {
    "name": "Can add presidential order",
    "content_type": 15,
    "codename": "add_presidentialorder"
  }
},
{
  "model": "auth.permission",
  "pk": 58,
  "fields": {
    "name": "Can change presidential order",
    "content_type": 15,
    "codename": "change_presidentialorder"
  }
},
{
  "model": "auth.permission",
  "pk": 59,
  "fields": {
    "name": "Can delete presidential order",
    "content_type": 15,
    "codename": "delete_presidentialorder"
  }
},
{
  "model": "auth.permission",
  "pk": 60,
  "fields": {
    "name": "Can view presidential order",
    "content_type": 15,
    "codename": "view_presidentialorder"
  }
},
{
  "model": "auth.permission",
  "pk": 61,
  "fields": {
    "name": "Can add agent status",
    "content_type": 16,
    "codename": "add_agentstatus"
  }
},
{
  "model": "auth.permission",
  "pk": 62,
  "fields": {
    "name": "Can change agent status",
    "content_type": 16,
    "codename": "change_agentstatus"
  }
},
{
  "model": "auth.permission",
  "pk": 63,
  "fields": {
    "name": "Can delete agent status",
    "content_type": 16,
    "codename": "delete_agentstatus"
  }
},
{
  "model": "auth.permission",
  "pk": 64,
  "fields": {
    "name": "Can view agent status",
    "content_type": 16,
    "codename": "view_agentstatus"
  }
},
{
  "model": "auth.permission",
  "pk": 65,
  "fields": {
    "name": "Can add field observation",
    "content_type": 17,
    "codename": "add_fieldobservation"
  }
},
{
  "model": "auth.permission",
  "pk": 66,
  "fields": {
    "name": "Can change field observation",
    "content_type": 17,
    "codename": "change_fieldobservation"
  }
},
{
  "model": "auth.permission",
  "pk": 67,
  "fields": {
    "name": "Can delete field observation",
    "content_type": 17,
    "codename": "delete_fieldobservation"
  }
},
{
  "model": "auth.permission",
  "pk": 68,
  "fields": {
    "name": "Can view field observation",
    "content_type": 17,
    "codename": "view_fieldobservation"
  }
},
{
  "model": "auth.permission",
  "pk": 69,
  "fields": {
    "name": "Can add micro task",
    "content_type": 18,
    "codename": "add_microtask"
  }
},
{
  "model": "auth.permission",
  "pk": 70,
  "fields": {
    "name": "Can change micro task",
    "content_type": 18,
    "codename": "change_microtask"
  }
},
{
  "model": "auth.permission",
  "pk": 71,
  "fields": {
    "name": "Can delete micro task",
    "content_type": 18,
    "codename": "delete_microtask"
  }
},
{
  "model": "auth.permission",
  "pk": 72,
  "fields": {
    "name": "Can view micro task",
    "content_type": 18,
    "codename": "view_microtask"
  }
},
{
  "model": "auth.permission",
  "pk": 73,
  "fields": {
    "name": "Can add micro task result",
    "content_type": 19,
    "codename": "add_microtaskresult"
  }
},
{
  "model": "auth.permission",
  "pk": 74,
  "fields": {
    "name": "Can change micro task result",
    "content_type": 19,
    "codename": "change_microtaskresult"
  }
},
{
  "model": "auth.permission",
  "pk": 75,
  "fields": {
    "name": "Can delete micro task result",
    "content_type": 19,
    "codename": "delete_microtaskresult"
  }
},
{
  "model": "auth.permission",
  "pk": 76,
  "fields": {
    "name": "Can view micro task result",
    "content_type": 19,
    "codename": "view_microtaskresult"
  }
},
{
  "model": "auth.permission",
  "pk": 77,
  "fields": {
    "name": "Can add contribution share",
    "content_type": 20,
    "codename": "add_contributionshare"
  }
},
{
  "model": "auth.permission",
  "pk": 78,
  "fields": {
    "name": "Can change contribution share",
    "content_type": 20,
    "codename": "change_contributionshare"
  }
},
{
  "model": "auth.permission",
  "pk": 79,
  "fields": {
    "name": "Can delete contribution share",
    "content_type": 20,
    "codename": "delete_contributionshare"
  }
},
{
  "model": "auth.permission",
  "pk": 80,
  "fields": {
    "name": "Can view contribution share",
    "content_type": 20,
    "codename": "view_contributionshare"
  }
},
{
  "model": "auth.permission",
  "pk": 81,
  "fields": {
    "name": "Can add micro mission",
    "content_type": 21,
    "codename": "add_micromission"
  }
},
{
  "model": "auth.permission",
  "pk": 82,
  "fields": {
    "name": "Can change micro mission",
    "content_type": 21,
    "codename": "change_micromission"
  }
},
{
  "model": "auth.permission",
  "pk": 83,
  "fields": {
    "name": "Can delete micro mission",
    "content_type": 21,
    "codename": "delete_micromission"
  }
},
{
  "model": "auth.permission",
  "pk": 84,
  "fields": {
    "name": "Can view micro mission",
    "content_type": 21,
    "codename": "view_micromission"
  }
},
{
  "model": "auth.permission",
  "pk": 85,
  "fields": {
    "name": "Can add cns avis",
    "content_type": 22,
    "codename": "add_cnsavis"
  }
},
{
  "model": "auth.permission",
  "pk": 86,
  "fields": {
    "name": "Can change cns avis",
    "content_type": 22,
    "codename": "change_cnsavis"
  }
},
{
  "model": "auth.permission",
  "pk": 87,
  "fields": {
    "name": "Can delete cns avis",
    "content_type": 22,
    "codename": "delete_cnsavis"
  }
},
{
  "model": "auth.permission",
  "pk": 88,
  "fields": {
    "name": "Can view cns avis",
    "content_type": 22,
    "codename": "view_cnsavis"
  }
},
{
  "model": "auth.group",
  "pk": 1,
  "fields": {
    "name": "CHEF_SERVICE",
    "permissions": []
  }
},
{
  "model": "auth.group",
  "pk": 2,
  "fields": {
    "name": "CNS",
    "permissions": []
  }
},
{
  "model": "auth.group",
  "pk": 3,
  "fields": {
    "name": "PNC",
    "permissions": []
  }
},
{
  "model": "auth.group",
  "pk": 4,
  "fields": {
    "name": "DEMIAP",
    "permissions": []
  }
},
{
  "model": "auth.group",
  "pk": 5,
  "fields": {
    "name": "DGM",
    "permissions": []
  }
},
{
  "model": "auth.group",
  "pk": 6,
  "fields": {
    "name": "FARDC",
    "permissions": []
  }
},
{
  "model": "auth.group",
  "pk": 7,
  "fields": {
    "name": "ANR",
    "permissions": []
  }
},
{
  "model": "auth.group",
  "pk": 8,
  "fields": {
    "name": "AMBASSADE",
    "permissions": []
  }
},
{
  "model": "auth.group",
  "pk": 9,
  "fields": {
    "name": "AG",
    "permissions": []
  }
},
{
  "model": "auth.group",
  "pk": 10,
  "fields": {
    "name": "AP",
    "permissions": []
  }
},
{
  "model": "auth.group",
  "pk": 11,
  "fields": {
    "name": "DIRECTEUR",
    "permissions": []
  }
},
{
  "model": "auth.group",
  "pk": 12,
  "fields": {
    "name": "AGENT",
    "permissions": []
  }
},
{
  "model": "auth.group",
  "pk": 13,
  "fields": {
    "name": "BRIEFING_PRESIDENCE",
    "permissions": []
  }
},
{
  "model": "auth.user",
  "pk": 1,
  "fields": {
    "password": "pbkdf2_sha256$1200000$ICPhWamKwyBHyFyiQC6GeQ$rpO40qchlrVeAXgxHJ/tBufmr4CjMEGH3h2VAdqALFE=",
    "last_login": "2026-01-15T11:50:02.621Z",
    "is_superuser": true,
    "username": "ben",
    "first_name": "",
    "last_name": "",
    "email": "admin@local.test",
    "is_staff": true,
    "is_active": true,
    "date_joined": "2026-01-07T14:26:38.923Z",
    "groups": [
      1
    ],
    "user_permissions": []
  }
},
{
  "model": "auth.user",
  "pk": 2,
  "fields": {
    "password": "pbkdf2_sha256$1200000$kPwJcozKzZQpXbcmJMaIvD$8wPdaD4c/5/H9rUJ9UjRIcSRgoHv/2aig+tc/qkTbwQ=",
    "last_login": "2026-01-14T15:12:29.161Z",
    "is_superuser": false,
    "username": "jlondja",
    "first_name": "",
    "last_name": "",
    "email": "",
    "is_staff": false,
    "is_active": true,
    "date_joined": "2026-01-07T14:48:58.847Z",
    "groups": [],
    "user_permissions": []
  }
},
{
  "model": "auth.user",
  "pk": 3,
  "fields": {
    "password": "pbkdf2_sha256$1200000$WGS6DZrkGGpOyjYrGRSxLQ$T2W9gZ6DPVuoXVCzK5cmNBbLU1r8zH2tR39rblHWcy4=",
    "last_login": "2026-01-14T15:12:38.624Z",
    "is_superuser": false,
    "username": "embassy_be",
    "first_name": "",
    "last_name": "",
    "email": "",
    "is_staff": false,
    "is_active": true,
    "date_joined": "2026-01-12T11:21:53.389Z",
    "groups": [
      8,
      12
    ],
    "user_permissions": []
  }
},
{
  "model": "auth.user",
  "pk": 4,
  "fields": {
    "password": "pbkdf2_sha256$1200000$hi3uIeXvoShBo6bQY9uRGo$mbA+aeXVTI1mKm0ab+FFIgPxUl0JsbF4xhEB9XFPyzs=",
    "last_login": "2026-01-14T15:11:38.936Z",
    "is_superuser": false,
    "username": "pnc_test",
    "first_name": "",
    "last_name": "",
    "email": "",
    "is_staff": false,
    "is_active": true,
    "date_joined": "2026-01-12T12:05:47.871Z",
    "groups": [
      3,
      12
    ],
    "user_permissions": []
  }
},
{
  "model": "auth.user",
  "pk": 5,
  "fields": {
    "password": "pbkdf2_sha256$1200000$bNb7M121MQuPdB9bDZ38Du$0aFqyTWZje5e3LIGGIdrLluPxcBWcn7NBAkVyxp9WSE=",
    "last_login": null,
    "is_superuser": false,
    "username": "fardc_test",
    "first_name": "",
    "last_name": "",
    "email": "",
    "is_staff": false,
    "is_active": true,
    "date_joined": "2026-01-12T12:05:48.836Z",
    "groups": [
      6,
      12
    ],
    "user_permissions": []
  }
},
{
  "model": "auth.user",
  "pk": 6,
  "fields": {
    "password": "pbkdf2_sha256$1200000$yciiDt2AYYKYVczJZNUUod$E5yx1Hhi0MxyR9H2/KZiaWDs3Zyban+2nbB3iHAa6wQ=",
    "last_login": "2026-01-14T15:16:46.025Z",
    "is_superuser": false,
    "username": "dgm_test",
    "first_name": "",
    "last_name": "",
    "email": "",
    "is_staff": false,
    "is_active": true,
    "date_joined": "2026-01-12T12:29:48.983Z",
    "groups": [
      5,
      12
    ],
    "user_permissions": []
  }
},
{
  "model": "auth.user",
  "pk": 7,
  "fields": {
    "password": "pbkdf2_sha256$1200000$woQdMduW1W0nJgKtAHjl6S$81saeDYwYk+NCpb4PofInesFpZtqTOfNDunUj66CeMI=",
    "last_login": "2026-01-14T15:01:00.274Z",
    "is_superuser": false,
    "username": "demiap_test",
    "first_name": "",
    "last_name": "",
    "email": "",
    "is_staff": false,
    "is_active": true,
    "date_joined": "2026-01-12T12:29:49.943Z",
    "groups": [
      4,
      12
    ],
    "user_permissions": []
  }
},
{
  "model": "auth.user",
  "pk": 8,
  "fields": {
    "password": "pbkdf2_sha256$1200000$bQMFMCezOAUf7oSxO9gQKM$RFI7GNKSNfCZs714jE2UOri0M4Jxv3rhNXVSLx8Wk9k=",
    "last_login": "2026-01-14T15:12:15.890Z",
    "is_superuser": false,
    "username": "cns_test",
    "first_name": "",
    "last_name": "",
    "email": "",
    "is_staff": false,
    "is_active": true,
    "date_joined": "2026-01-12T19:57:58.566Z",
    "groups": [
      2,
      12
    ],
    "user_permissions": []
  }
},
{
  "model": "contenttypes.contenttype",
  "pk": 1,
  "fields": {
    "app_label": "admin",
    "model": "logentry"
  }
},
{
  "model": "contenttypes.contenttype",
  "pk": 2,
  "fields": {
    "app_label": "auth",
    "model": "group"
  }
},
{
  "model": "contenttypes.contenttype",
  "pk": 3,
  "fields": {
    "app_label": "auth",
    "model": "permission"
  }
},
{
  "model": "contenttypes.contenttype",
  "pk": 4,
  "fields": {
    "app_label": "auth",
    "model": "user"
  }
},
{
  "model": "contenttypes.contenttype",
  "pk": 5,
  "fields": {
    "app_label": "contenttypes",
    "model": "contenttype"
  }
},
{
  "model": "contenttypes.contenttype",
  "pk": 6,
  "fields": {
    "app_label": "sessions",
    "model": "session"
  }
},
{
  "model": "contenttypes.contenttype",
  "pk": 7,
  "fields": {
    "app_label": "agents",
    "model": "agent"
  }
},
{
  "model": "contenttypes.contenttype",
  "pk": 8,
  "fields": {
    "app_label": "agents",
    "model": "service"
  }
},
{
  "model": "contenttypes.contenttype",
  "pk": 9,
  "fields": {
    "app_label": "agents",
    "model": "contribution"
  }
},
{
  "model": "contenttypes.contenttype",
  "pk": 10,
  "fields": {
    "app_label": "agents",
    "model": "auditlog"
  }
},
{
  "model": "contenttypes.contenttype",
  "pk": 11,
  "fields": {
    "app_label": "agents",
    "model": "mission"
  }
},
{
  "model": "contenttypes.contenttype",
  "pk": 12,
  "fields": {
    "app_label": "agents",
    "model": "decision"
  }
},
{
  "model": "contenttypes.contenttype",
  "pk": 13,
  "fields": {
    "app_label": "agents",
    "model": "recoupementticket"
  }
},
{
  "model": "contenttypes.contenttype",
  "pk": 14,
  "fields": {
    "app_label": "agents",
    "model": "recoupementresponse"
  }
},
{
  "model": "contenttypes.contenttype",
  "pk": 15,
  "fields": {
    "app_label": "agents",
    "model": "presidentialorder"
  }
},
{
  "model": "contenttypes.contenttype",
  "pk": 16,
  "fields": {
    "app_label": "agents",
    "model": "agentstatus"
  }
},
{
  "model": "contenttypes.contenttype",
  "pk": 17,
  "fields": {
    "app_label": "agents",
    "model": "fieldobservation"
  }
},
{
  "model": "contenttypes.contenttype",
  "pk": 18,
  "fields": {
    "app_label": "agents",
    "model": "microtask"
  }
},
{
  "model": "contenttypes.contenttype",
  "pk": 19,
  "fields": {
    "app_label": "agents",
    "model": "microtaskresult"
  }
},
{
  "model": "contenttypes.contenttype",
  "pk": 20,
  "fields": {
    "app_label": "agents",
    "model": "contributionshare"
  }
},
{
  "model": "contenttypes.contenttype",
  "pk": 21,
  "fields": {
    "app_label": "agents",
    "model": "micromission"
  }
},
{
  "model": "contenttypes.contenttype",
  "pk": 22,
  "fields": {
    "app_label": "agents",
    "model": "cnsavis"
  }
},
{
  "model": "sessions.session",
  "pk": "3qu3xfb8nl9vzrirpvbv3k31gu1vtqq6",
  "fields": {
    "session_data": ".eJxVjMsOgjAQAP9lz6ahC1uQo3e-geyjFdSUhMLJ-O-GhINeZybzhpH3bRr3EtdxNugB4fLLhPUZ8yHswfm-OF3yts7ijsSdtrhhsfi6ne3fYOIyQQ9tFYUUkZgan65dEkLrVDz5RMlaC1YZk1JNjSAm1do0RFSqQmhJ4PMF8qs4WQ:1veGxH:mhSuPiU5GqllgI0J6WFhL8IidaTjYa7B0cFsnq_IRIY",
    "expire_date": "2026-01-23T18:11:23.438Z"
  }
},
{
  "model": "sessions.session",
  "pk": "6m3vtt7lq61cprl5abd9v26in0n5jzxw",
  "fields": {
    "session_data": ".eJxVjMsOgjAQAP9lz6ahC1uQo3e-geyjFdSUhMLJ-O-GhINeZybzhpH3bRr3EtdxNugB4fLLhPUZ8yHswfm-OF3yts7ijsSdtrhhsfi6ne3fYOIyQQ9tFYUUkZgan65dEkLrVDz5RMlaC1YZk1JNjSAm1do0RFSqQmhJ4PMF8qs4WQ:1veXdf:D0HOnunP2y9Dpo4yXJTcCGnfMg4CUwcvG1Lo_jQ3HHk",
    "expire_date": "2026-01-24T12:00:15.271Z"
  }
},
{
  "model": "sessions.session",
  "pk": "c21vccydkk70d8zmec327a5z6eexx027",
  "fields": {
    "session_data": ".eJxVjDEOgzAMAP_iuYpCE4LN2J03ICd2GtoKJAJT1b9XSAztene6N4y8b2Xcq67jJNBDA5dfFjk9dT6EPHi-LyYt87ZO0RyJOW01wyL6up3t36BwLdCDtYmSRUVFHxxKbgiZOIfonZIyO-nYBhJ0HDx615I6YZbcxWuLBJ8v6Qo4Ig:1vfksu:Vf3x4KeCdx5kkQMKGNNxYyQYDMcOUCqjUvmuEesKhQA",
    "expire_date": "2026-01-27T20:21:00.612Z"
  }
},
{
  "model": "sessions.session",
  "pk": "cpncr8o102jyvwenvwlajxddxsi5d3w8",
  "fields": {
    "session_data": ".eJxVjDEOgzAMAP_iuYpCE4LN2J03ICd2GtoKJAJT1b9XSAztene6N4y8b2Xcq67jJNBDA5dfFjk9dT6EPHi-LyYt87ZO0RyJOW01wyL6up3t36BwLdCDtYmSRUVFHxxKbgiZOIfonZIyO-nYBhJ0HDx615I6YZbcxWuLBJ8v6Qo4Ig:1vfbxe:7GPB-QxJMfHxvhr0KWPPQd0_p2nulNaXcaaM3xyUW0E",
    "expire_date": "2026-01-27T10:49:18.059Z"
  }
},
{
  "model": "sessions.session",
  "pk": "e6gercr7eu7pauk6sl4gnpn69zb3wh6p",
  "fields": {
    "session_data": ".eJxVjMsOgjAQAP9lz6ahC1uQo3e-geyjFdSUhMLJ-O-GhINeZybzhpH3bRr3EtdxNugB4fLLhPUZ8yHswfm-OF3yts7ijsSdtrhhsfi6ne3fYOIyQQ9tFYUUkZgan65dEkLrVDz5RMlaC1YZk1JNjSAm1do0RFSqQmhJ4PMF8qs4WQ:1veLp8:UdRviWsIT5C0o1CBfv9_UM5RICNYRd_jqB9BxbbXHPs",
    "expire_date": "2026-01-23T23:23:18.144Z"
  }
},
{
  "model": "sessions.session",
  "pk": "oseosvvay809acko7yl90ic6e5lnacs6",
  "fields": {
    "session_data": ".eJxVjDEOgzAMAP_iuYpCE4LN2J03ICd2GtoKJAJT1b9XSAztene6N4y8b2Xcq67jJNBDA5dfFjk9dT6EPHi-LyYt87ZO0RyJOW01wyL6up3t36BwLdCDtYmSRUVFHxxKbgiZOIfonZIyO-nYBhJ0HDx615I6YZbcxWuLBJ8v6Qo4Ig:1vevzR:7AxzXILn1SaKBCM7ve9fQNYMgxhEwhRgFEdN4v0zT7E",
    "expire_date": "2026-01-25T14:00:21.875Z"
  }
},
{
  "model": "sessions.session",
  "pk": "p7k53wc041pa0hqp5u5gjljcz0ib55ir",
  "fields": {
    "session_data": ".eJxVjDEOgzAMAP_iuYpCE4LN2J03ICd2GtoKJAJT1b9XSAztene6N4y8b2Xcq67jJNBDA5dfFjk9dT6EPHi-LyYt87ZO0RyJOW01wyL6up3t36BwLdCDtYmSRUVFHxxKbgiZOIfonZIyO-nYBhJ0HDx615I6YZbcxWuLBJ8v6Qo4Ig:1vgLrW:DCUPJJhqMSiZWU_wc2Bgx7mYOKO5h2XdQm7NLgkgBRs",
    "expire_date": "2026-01-29T11:50:02.626Z"
  }
},
{
  "model": "agents.service",
  "pk": 1,
  "fields": {
    "nom": "ANR"
  }
},
{
  "model": "agents.service",
  "pk": 2,
  "fields": {
    "nom": "ANR - Service extérieur"
  }
},
{
  "model": "agents.service",
  "pk": 3,
  "fields": {
    "nom": "Ambassade RDC - Belgique"
  }
},
{
  "model": "agents.service",
  "pk": 4,
  "fields": {
    "nom": "Ambassade RDC - France"
  }
},
{
  "model": "agents.service",
  "pk": 5,
  "fields": {
    "nom": "Ambassade RDC - USA"
  }
},
{
  "model": "agents.service",
  "pk": 6,
  "fields": {
    "nom": "Ambassade RDC - Afrique du Sud"
  }
},
{
  "model": "agents.service",
  "pk": 7,
  "fields": {
    "nom": "PNC"
  }
},
{
  "model": "agents.service",
  "pk": 8,
  "fields": {
    "nom": "FARDC"
  }
},
{
  "model": "agents.service",
  "pk": 9,
  "fields": {
    "nom": "DGM"
  }
},
{
  "model": "agents.service",
  "pk": 10,
  "fields": {
    "nom": "DEMIAP"
  }
},
{
  "model": "agents.agent",
  "pk": 1,
  "fields": {
    "nom": "LONDJA",
    "prenom": "JEAN PAUL",
    "matricule": "ANR/0026",
    "service": 1,
    "user": 2,
    "unite": "Analyse",
    "fonction": "Analyste",
    "actif": true,
    "photo": "agents/photos/pho.png",
    "date_creation": "2026-01-07T14:50:58.861Z"
  }
},
{
  "model": "agents.agent",
  "pk": 2,
  "fields": {
    "nom": "Chef",
    "prenom": "Ben",
    "matricule": "ANR/CHEF-0001",
    "service": 1,
    "user": 1,
    "unite": "Supervision",
    "fonction": "Chef de service",
    "actif": true,
    "photo": "agents/photos/Capture_décran_2026-01-09_215107.png",
    "date_creation": "2026-01-09T18:13:55.615Z"
  }
},
{
  "model": "agents.agent",
  "pk": 3,
  "fields": {
    "nom": "Ambassade",
    "prenom": "Belgique",
    "matricule": "EMB-BE-0001",
    "service": 3,
    "user": 3,
    "unite": "",
    "fonction": "",
    "actif": true,
    "photo": "agents/photos/Capture_décran_2026-01-12_123204.png",
    "date_creation": "2026-01-12T11:21:54.373Z"
  }
},
{
  "model": "agents.agent",
  "pk": 4,
  "fields": {
    "nom": "PNC",
    "prenom": "Test",
    "matricule": "PNC-0001",
    "service": 7,
    "user": 4,
    "unite": "",
    "fonction": "",
    "actif": true,
    "photo": "",
    "date_creation": "2026-01-12T12:05:48.822Z"
  }
},
{
  "model": "agents.agent",
  "pk": 5,
  "fields": {
    "nom": "FARDC",
    "prenom": "Test",
    "matricule": "FARDC-0001",
    "service": 8,
    "user": 5,
    "unite": "",
    "fonction": "",
    "actif": true,
    "photo": "",
    "date_creation": "2026-01-12T12:05:49.803Z"
  }
},
{
  "model": "agents.agent",
  "pk": 6,
  "fields": {
    "nom": "DGM",
    "prenom": "Test",
    "matricule": "DGM-0001",
    "service": 9,
    "user": 6,
    "unite": "",
    "fonction": "",
    "actif": true,
    "photo": "",
    "date_creation": "2026-01-12T12:29:49.930Z"
  }
},
{
  "model": "agents.agent",
  "pk": 7,
  "fields": {
    "nom": "DEMIAP",
    "prenom": "Test",
    "matricule": "DEMIAP-0001",
    "service": 10,
    "user": 7,
    "unite": "",
    "fonction": "",
    "actif": true,
    "photo": "agents/photos/blanc.png",
    "date_creation": "2026-01-12T12:29:50.921Z"
  }
},
{
  "model": "agents.contribution",
  "pk": 1,
  "fields": {
    "agent": 1,
    "titre": "Activité clandestine",
    "contenu": "descente sur le terain, l'homme interpellé, sans aucun ancécédent judiciaire. Affaire classé",
    "statut": "VALIDATED",
    "priorite": 3,
    "date_creation": "2026-01-10T14:26:53.580Z",
    "date_mise_a_jour": "2026-01-10T19:13:41.723Z",
    "validated_by": 1,
    "validated_at": "2026-01-10T19:13:41.723Z",
    "decision_note": ""
  }
},
{
  "model": "agents.contribution",
  "pk": 2,
  "fields": {
    "agent": 1,
    "titre": "DG SNEL",
    "contenu": "Nous avons constaté sur le terrain une situations délicate de detournements",
    "statut": "DRAFT",
    "priorite": 2,
    "date_creation": "2026-01-10T19:40:04.056Z",
    "date_mise_a_jour": "2026-01-10T22:16:47.636Z",
    "validated_by": 1,
    "validated_at": "2026-01-10T22:16:47.635Z",
    "decision_note": "Non conforme"
  }
},
{
  "model": "agents.contribution",
  "pk": 3,
  "fields": {
    "agent": 1,
    "titre": "DG ONATRA",
    "contenu": "Cité dans l'affaire de corruption",
    "statut": "VALIDATED",
    "priorite": 2,
    "date_creation": "2026-01-10T20:12:12.295Z",
    "date_mise_a_jour": "2026-01-10T22:08:47.814Z",
    "validated_by": 1,
    "validated_at": "2026-01-10T22:08:47.814Z",
    "decision_note": ""
  }
},
{
  "model": "agents.contribution",
  "pk": 4,
  "fields": {
    "agent": 1,
    "titre": "Mission test 004",
    "contenu": "test",
    "statut": "VALIDATED",
    "priorite": 1,
    "date_creation": "2026-01-10T22:27:55.532Z",
    "date_mise_a_jour": "2026-01-11T12:13:36.872Z",
    "validated_by": 1,
    "validated_at": "2026-01-11T12:13:36.872Z",
    "decision_note": "mission validée"
  }
},
{
  "model": "agents.contribution",
  "pk": 5,
  "fields": {
    "agent": 3,
    "titre": "Ville de Bruxelles",
    "contenu": "test",
    "statut": "SUBMITTED",
    "priorite": 2,
    "date_creation": "2026-01-12T11:28:03.145Z",
    "date_mise_a_jour": "2026-01-12T11:28:03.145Z",
    "validated_by": null,
    "validated_at": null,
    "decision_note": ""
  }
},
{
  "model": "agents.contribution",
  "pk": 6,
  "fields": {
    "agent": 6,
    "titre": "Fraude d'identité",
    "contenu": "test",
    "statut": "SUBMITTED",
    "priorite": 2,
    "date_creation": "2026-01-12T12:42:28.116Z",
    "date_mise_a_jour": "2026-01-12T12:42:28.116Z",
    "validated_by": null,
    "validated_at": null,
    "decision_note": ""
  }
},
{
  "model": "agents.contribution",
  "pk": 7,
  "fields": {
    "agent": 6,
    "titre": "Alerte DGM – Comportement",
    "contenu": "[DGM-ALERTE]\\nLieu: Ndjili\\nUrgence: Élevée\\n\\nFraude",
    "statut": "VALIDATED",
    "priorite": 2,
    "date_creation": "2026-01-12T12:49:03.991Z",
    "date_mise_a_jour": "2026-01-12T12:49:03.991Z",
    "validated_by": null,
    "validated_at": null,
    "decision_note": ""
  }
},
{
  "model": "agents.contribution",
  "pk": 8,
  "fields": {
    "agent": 6,
    "titre": "Alerte DGM – Document",
    "contenu": "[DGM-ALERTE]\\nLieu: Ndjili\\nUrgence: Faible\\n\\ntest",
    "statut": "VALIDATED",
    "priorite": 2,
    "date_creation": "2026-01-12T12:56:28.020Z",
    "date_mise_a_jour": "2026-01-12T12:56:28.020Z",
    "validated_by": null,
    "validated_at": null,
    "decision_note": ""
  }
},
{
  "model": "agents.contribution",
  "pk": 9,
  "fields": {
    "agent": 3,
    "titre": "Alerte DIPLO – Pression / menace",
    "contenu": "[DIPLO-ALERTE]\nPays / Ville: Bruxelles\nUrgence: Moyenne\n\ntest",
    "statut": "VALIDATED",
    "priorite": 2,
    "date_creation": "2026-01-12T17:16:31.493Z",
    "date_mise_a_jour": "2026-01-12T17:16:31.493Z",
    "validated_by": null,
    "validated_at": null,
    "decision_note": ""
  }
},
{
  "model": "agents.contribution",
  "pk": 10,
  "fields": {
    "agent": 6,
    "titre": "Profil à surveiller – Molas",
    "contenu": "[DGM-SURVEILLANCE]\nPoste / Lieu: Lushi\nNiveau de risque: Moyen\n\ncomportement suspect\n\nNotes: A surveiller",
    "statut": "VALIDATED",
    "priorite": 2,
    "date_creation": "2026-01-12T17:24:48.824Z",
    "date_mise_a_jour": "2026-01-12T17:24:48.824Z",
    "validated_by": null,
    "validated_at": null,
    "decision_note": ""
  }
},
{
  "model": "agents.contributionshare",
  "pk": 1,
  "fields": {
    "contribution": 4,
    "service_source": 1,
    "service_destinataire": 1,
    "shared_by": 2,
    "motif": "test",
    "created_at": "2026-01-12T11:12:22.216Z"
  }
},
{
  "model": "agents.contributionshare",
  "pk": 2,
  "fields": {
    "contribution": 4,
    "service_source": 1,
    "service_destinataire": 3,
    "shared_by": 2,
    "motif": "test à partager pour vous",
    "created_at": "2026-01-12T11:23:03.205Z"
  }
},
{
  "model": "agents.contributionshare",
  "pk": 3,
  "fields": {
    "contribution": 9,
    "service_source": 3,
    "service_destinataire": 2,
    "shared_by": 3,
    "motif": "niveau 4",
    "created_at": "2026-01-12T17:17:25.557Z"
  }
},
{
  "model": "agents.contributionshare",
  "pk": 4,
  "fields": {
    "contribution": 10,
    "service_source": 9,
    "service_destinataire": 10,
    "shared_by": 6,
    "motif": "test",
    "created_at": "2026-01-12T17:25:07.679Z"
  }
},
{
  "model": "agents.auditlog",
  "pk": 1,
  "fields": {
    "user": 1,
    "action": "VIEW_AUDIT",
    "target_repr": "Journal d'audit",
    "ip_address": "127.0.0.1",
    "timestamp": "2026-01-10T20:00:18.409Z"
  }
},
{
  "model": "agents.auditlog",
  "pk": 2,
  "fields": {
    "user": 1,
    "action": "VIEW_AUDIT",
    "target_repr": "Journal d'audit",
    "ip_address": "127.0.0.1",
    "timestamp": "2026-01-10T20:01:18.088Z"
  }
},
{
  "model": "agents.auditlog",
  "pk": 3,
  "fields": {
    "user": 1,
    "action": "VIEW_AUDIT",
    "target_repr": "Journal d'audit",
    "ip_address": "127.0.0.1",
    "timestamp": "2026-01-10T20:01:20.144Z"
  }
},
{
  "model": "agents.auditlog",
  "pk": 4,
  "fields": {
    "user": 1,
    "action": "VIEW_AUDIT",
    "target_repr": "Journal d'audit",
    "ip_address": "127.0.0.1",
    "timestamp": "2026-01-10T20:01:25.417Z"
  }
},
{
  "model": "agents.auditlog",
  "pk": 5,
  "fields": {
    "user": 2,
    "action": "LOGIN",
    "target_repr": "Système",
    "ip_address": "127.0.0.1",
    "timestamp": "2026-01-10T20:01:42.577Z"
  }
},
{
  "model": "agents.auditlog",
  "pk": 6,
  "fields": {
    "user": 2,
    "action": "LOGIN",
    "target_repr": "Système",
    "ip_address": "127.0.0.1",
    "timestamp": "2026-01-10T20:01:58.733Z"
  }
},
{
  "model": "agents.auditlog",
  "pk": 7,
  "fields": {
    "user": 2,
    "action": "LOGIN",
    "target_repr": "Système",
    "ip_address": "127.0.0.1",
    "timestamp": "2026-01-10T20:02:32.992Z"
  }
},
{
  "model": "agents.auditlog",
  "pk": 8,
  "fields": {
    "user": 1,
    "action": "LOGIN",
    "target_repr": "Système",
    "ip_address": "127.0.0.1",
    "timestamp": "2026-01-10T20:03:14.965Z"
  }
},
{
  "model": "agents.auditlog",
  "pk": 9,
  "fields": {
    "user": 2,
    "action": "LOGIN",
    "target_repr": "Système",
    "ip_address": "127.0.0.1",
    "timestamp": "2026-01-10T20:04:36.110Z"
  }
},
{
  "model": "agents.auditlog",
  "pk": 10,
  "fields": {
    "user": 2,
    "action": "LOGIN",
    "target_repr": "Système",
    "ip_address": "127.0.0.1",
    "timestamp": "2026-01-10T20:11:30.242Z"
  }
},
{
  "model": "agents.auditlog",
  "pk": 11,
  "fields": {
    "user": 1,
    "action": "LOGIN",
    "target_repr": "Système",
    "ip_address": "127.0.0.1",
    "timestamp": "2026-01-10T20:12:53.954Z"
  }
},
{
  "model": "agents.auditlog",
  "pk": 12,
  "fields": {
    "user": 1,
    "action": "VIEW_AUDIT",
    "target_repr": "Journal d'audit",
    "ip_address": "127.0.0.1",
    "timestamp": "2026-01-10T20:12:58.202Z"
  }
},
{
  "model": "agents.auditlog",
  "pk": 13,
  "fields": {
    "user": 1,
    "action": "VIEW_AUDIT",
    "target_repr": "Journal d'audit",
    "ip_address": "127.0.0.1",
    "timestamp": "2026-01-10T20:23:01.692Z"
  }
},
{
  "model": "agents.auditlog",
  "pk": 14,
  "fields": {
    "user": 2,
    "action": "LOGIN",
    "target_repr": "Système",
    "ip_address": "127.0.0.1",
    "timestamp": "2026-01-10T20:29:23.294Z"
  }
},
{
  "model": "agents.auditlog",
  "pk": 15,
  "fields": {
    "user": 1,
    "action": "LOGIN",
    "target_repr": "Système",
    "ip_address": "127.0.0.1",
    "timestamp": "2026-01-10T20:36:49.586Z"
  }
},
{
  "model": "agents.auditlog",
  "pk": 16,
  "fields": {
    "user": 1,
    "action": "LOGIN",
    "target_repr": "Système",
    "ip_address": "127.0.0.1",
    "timestamp": "2026-01-10T20:45:53.012Z"
  }
},
{
  "model": "agents.auditlog",
  "pk": 17,
  "fields": {
    "user": 2,
    "action": "LOGIN",
    "target_repr": "Système",
    "ip_address": "127.0.0.1",
    "timestamp": "2026-01-10T21:13:38.916Z"
  }
},
{
  "model": "agents.auditlog",
  "pk": 18,
  "fields": {
    "user": 2,
    "action": "LOGIN",
    "target_repr": "Système",
    "ip_address": "127.0.0.1",
    "timestamp": "2026-01-10T21:30:20.168Z"
  }
},
{
  "model": "agents.auditlog",
  "pk": 19,
  "fields": {
    "user": 1,
    "action": "LOGIN",
    "target_repr": "Système",
    "ip_address": "127.0.0.1",
    "timestamp": "2026-01-10T21:38:56.418Z"
  }
},
{
  "model": "agents.auditlog",
  "pk": 20,
  "fields": {
    "user": 1,
    "action": "CREATE_MISSION",
    "target_repr": "Mission 'Mission test 002' pour LONDJA JEAN PAUL (ANR/0026)",
    "ip_address": "127.0.0.1",
    "timestamp": "2026-01-10T21:52:31.095Z"
  }
},
{
  "model": "agents.auditlog",
  "pk": 21,
  "fields": {
    "user": 2,
    "action": "LOGIN",
    "target_repr": "Système",
    "ip_address": "127.0.0.1",
    "timestamp": "2026-01-10T21:53:47.836Z"
  }
},
{
  "model": "agents.auditlog",
  "pk": 22,
  "fields": {
    "user": 2,
    "action": "UPDATE_MISSION_STATUS",
    "target_repr": "Mission '0002/Test' de IN_PROGRESS à IN_PROGRESS",
    "ip_address": "127.0.0.1",
    "timestamp": "2026-01-10T21:57:04.962Z"
  }
},
{
  "model": "agents.auditlog",
  "pk": 23,
  "fields": {
    "user": 2,
    "action": "UPDATE_MISSION_STATUS",
    "target_repr": "Mission '0002/Test' de COMPLETED à COMPLETED",
    "ip_address": "127.0.0.1",
    "timestamp": "2026-01-10T21:59:02.856Z"
  }
},
{
  "model": "agents.auditlog",
  "pk": 24,
  "fields": {
    "user": 1,
    "action": "LOGIN",
    "target_repr": "Système",
    "ip_address": "127.0.0.1",
    "timestamp": "2026-01-10T21:59:25.467Z"
  }
},
{
  "model": "agents.auditlog",
  "pk": 25,
  "fields": {
    "user": 1,
    "action": "VIEW_AUDIT",
    "target_repr": "Journal d'audit",
    "ip_address": "127.0.0.1",
    "timestamp": "2026-01-10T21:59:29.032Z"
  }
},
{
  "model": "agents.auditlog",
  "pk": 26,
  "fields": {
    "user": 1,
    "action": "VIEW_AUDIT",
    "target_repr": "Journal d'audit",
    "ip_address": "127.0.0.1",
    "timestamp": "2026-01-10T21:59:57.816Z"
  }
},
{
  "model": "agents.auditlog",
  "pk": 27,
  "fields": {
    "user": 1,
    "action": "LOGIN",
    "target_repr": "Système",
    "ip_address": "127.0.0.1",
    "timestamp": "2026-01-10T22:08:23.858Z"
  }
},
{
  "model": "agents.auditlog",
  "pk": 28,
  "fields": {
    "user": 2,
    "action": "LOGIN",
    "target_repr": "Système",
    "ip_address": "127.0.0.1",
    "timestamp": "2026-01-10T22:09:24.652Z"
  }
},
{
  "model": "agents.auditlog",
  "pk": 29,
  "fields": {
    "user": 1,
    "action": "LOGIN",
    "target_repr": "Système",
    "ip_address": "127.0.0.1",
    "timestamp": "2026-01-10T22:15:45.018Z"
  }
},
{
  "model": "agents.auditlog",
  "pk": 30,
  "fields": {
    "user": 2,
    "action": "LOGIN",
    "target_repr": "Système",
    "ip_address": "127.0.0.1",
    "timestamp": "2026-01-10T22:17:04.705Z"
  }
},
{
  "model": "agents.auditlog",
  "pk": 31,
  "fields": {
    "user": 2,
    "action": "LOGIN",
    "target_repr": "Système",
    "ip_address": "127.0.0.1",
    "timestamp": "2026-01-10T22:27:24.921Z"
  }
},
{
  "model": "agents.auditlog",
  "pk": 32,
  "fields": {
    "user": 1,
    "action": "LOGIN",
    "target_repr": "Système",
    "ip_address": "127.0.0.1",
    "timestamp": "2026-01-10T22:28:34.246Z"
  }
},
{
  "model": "agents.auditlog",
  "pk": 33,
  "fields": {
    "user": 1,
    "action": "LOGIN",
    "target_repr": "Système",
    "ip_address": "127.0.0.1",
    "timestamp": "2026-01-10T22:28:45.568Z"
  }
},
{
  "model": "agents.auditlog",
  "pk": 34,
  "fields": {
    "user": 1,
    "action": "LOGIN",
    "target_repr": "Système",
    "ip_address": "127.0.0.1",
    "timestamp": "2026-01-10T22:28:51.205Z"
  }
},
{
  "model": "agents.auditlog",
  "pk": 35,
  "fields": {
    "user": 1,
    "action": "LOGIN",
    "target_repr": "Système",
    "ip_address": "127.0.0.1",
    "timestamp": "2026-01-10T22:29:27.954Z"
  }
},
{
  "model": "agents.auditlog",
  "pk": 36,
  "fields": {
    "user": 1,
    "action": "LOGIN",
    "target_repr": "Système",
    "ip_address": "127.0.0.1",
    "timestamp": "2026-01-10T22:35:35.108Z"
  }
},
{
  "model": "agents.auditlog",
  "pk": 37,
  "fields": {
    "user": 2,
    "action": "LOGIN",
    "target_repr": "Système",
    "ip_address": "127.0.0.1",
    "timestamp": "2026-01-10T23:10:48.561Z"
  }
},
{
  "model": "agents.auditlog",
  "pk": 38,
  "fields": {
    "user": 1,
    "action": "LOGIN",
    "target_repr": "Système",
    "ip_address": "127.0.0.1",
    "timestamp": "2026-01-10T23:15:23.203Z"
  }
},
{
  "model": "agents.auditlog",
  "pk": 39,
  "fields": {
    "user": 1,
    "action": "VIEW_AUDIT",
    "target_repr": "Journal d'audit",
    "ip_address": "127.0.0.1",
    "timestamp": "2026-01-10T23:15:34.776Z"
  }
},
{
  "model": "agents.auditlog",
  "pk": 40,
  "fields": {
    "user": 2,
    "action": "LOGIN",
    "target_repr": "Système",
    "ip_address": "127.0.0.1",
    "timestamp": "2026-01-10T23:16:24.270Z"
  }
},
{
  "model": "agents.auditlog",
  "pk": 41,
  "fields": {
    "user": 2,
    "action": "UPDATE_MISSION",
    "target_repr": "Mission test 002 → Terminée",
    "ip_address": "127.0.0.1",
    "timestamp": "2026-01-10T23:43:07.428Z"
  }
},
{
  "model": "agents.auditlog",
  "pk": 42,
  "fields": {
    "user": 2,
    "action": "LOGIN",
    "target_repr": "Système",
    "ip_address": "127.0.0.1",
    "timestamp": "2026-01-10T23:43:36.216Z"
  }
},
{
  "model": "agents.auditlog",
  "pk": 43,
  "fields": {
    "user": 1,
    "action": "LOGIN",
    "target_repr": "Système",
    "ip_address": "127.0.0.1",
    "timestamp": "2026-01-10T23:43:56.301Z"
  }
},
{
  "model": "agents.auditlog",
  "pk": 44,
  "fields": {
    "user": 1,
    "action": "LOGIN",
    "target_repr": "Système",
    "ip_address": "127.0.0.1",
    "timestamp": "2026-01-10T23:46:37.929Z"
  }
},
{
  "model": "agents.auditlog",
  "pk": 45,
  "fields": {
    "user": 1,
    "action": "VIEW_AUDIT",
    "target_repr": "Journal d'audit",
    "ip_address": "127.0.0.1",
    "timestamp": "2026-01-10T23:46:49.296Z"
  }
},
{
  "model": "agents.auditlog",
  "pk": 46,
  "fields": {
    "user": 1,
    "action": "VIEW_PRESIDENCE_BRIEFING",
    "target_repr": "Présidence briefing",
    "ip_address": "127.0.0.1",
    "timestamp": "2026-01-11T00:10:00.215Z"
  }
},
{
  "model": "agents.auditlog",
  "pk": 47,
  "fields": {
    "user": 1,
    "action": "VIEW_PRESIDENCE_BRIEFING",
    "target_repr": "Présidence briefing",
    "ip_address": "127.0.0.1",
    "timestamp": "2026-01-11T10:14:45.090Z"
  }
},
{
  "model": "agents.auditlog",
  "pk": 48,
  "fields": {
    "user": 1,
    "action": "VIEW_PRESIDENCE_BRIEFING",
    "target_repr": "Présidence briefing",
    "ip_address": "127.0.0.1",
    "timestamp": "2026-01-11T10:15:11.288Z"
  }
},
{
  "model": "agents.auditlog",
  "pk": 49,
  "fields": {
    "user": 1,
    "action": "LOGIN",
    "target_repr": "Système",
    "ip_address": "127.0.0.1",
    "timestamp": "2026-01-11T10:30:20.695Z"
  }
},
{
  "model": "agents.auditlog",
  "pk": 50,
  "fields": {
    "user": 1,
    "action": "VIEW_PRESIDENCE_BRIEFING",
    "target_repr": "Présidence briefing",
    "ip_address": "127.0.0.1",
    "timestamp": "2026-01-11T10:30:22.862Z"
  }
},
{
  "model": "agents.auditlog",
  "pk": 51,
  "fields": {
    "user": 1,
    "action": "VIEW_PRESIDENCE_BRIEFING",
    "target_repr": "Présidence briefing",
    "ip_address": "127.0.0.1",
    "timestamp": "2026-01-11T10:35:54.601Z"
  }
},
{
  "model": "agents.auditlog",
  "pk": 52,
  "fields": {
    "user": 1,
    "action": "VIEW_PRESIDENCE_BRIEFING",
    "target_repr": "Présidence briefing",
    "ip_address": "127.0.0.1",
    "timestamp": "2026-01-11T10:36:16.675Z"
  }
},
{
  "model": "agents.auditlog",
  "pk": 53,
  "fields": {
    "user": 1,
    "action": "VIEW_PRESIDENCE_BRIEFING",
    "target_repr": "Présidence briefing",
    "ip_address": "127.0.0.1",
    "timestamp": "2026-01-11T10:38:25.245Z"
  }
},
{
  "model": "agents.auditlog",
  "pk": 54,
  "fields": {
    "user": 1,
    "action": "VIEW_PRESIDENCE_BRIEFING",
    "target_repr": "Présidence briefing",
    "ip_address": "127.0.0.1",
    "timestamp": "2026-01-11T10:43:39.709Z"
  }
},
{
  "model": "agents.auditlog",
  "pk": 55,
  "fields": {
    "user": 1,
    "action": "VIEW_PRESIDENCE_BRIEFING",
    "target_repr": "Présidence briefing",
    "ip_address": "127.0.0.1",
    "timestamp": "2026-01-11T10:43:43.341Z"
  }
},
{
  "model": "agents.auditlog",
  "pk": 56,
  "fields": {
    "user": 1,
    "action": "VIEW_PRESIDENCE_BRIEFING",
    "target_repr": "Présidence briefing",
    "ip_address": "127.0.0.1",
    "timestamp": "2026-01-11T10:43:58.489Z"
  }
},
{
  "model": "agents.auditlog",
  "pk": 57,
  "fields": {
    "user": 1,
    "action": "VIEW_PRESIDENCE_BRIEFING",
    "target_repr": "Présidence briefing",
    "ip_address": "127.0.0.1",
    "timestamp": "2026-01-11T10:44:04.450Z"
  }
},
{
  "model": "agents.auditlog",
  "pk": 58,
  "fields": {
    "user": 1,
    "action": "VIEW_PRESIDENCE_BRIEFING",
    "target_repr": "Présidence briefing",
    "ip_address": "127.0.0.1",
    "timestamp": "2026-01-11T10:49:17.068Z"
  }
},
{
  "model": "agents.auditlog",
  "pk": 59,
  "fields": {
    "user": 1,
    "action": "VIEW_PRESIDENCE_BRIEFING",
    "target_repr": "Présidence briefing",
    "ip_address": "127.0.0.1",
    "timestamp": "2026-01-11T10:49:24.353Z"
  }
},
{
  "model": "agents.auditlog",
  "pk": 60,
  "fields": {
    "user": 1,
    "action": "VIEW_PRESIDENCE_BRIEFING",
    "target_repr": "Présidence briefing",
    "ip_address": "127.0.0.1",
    "timestamp": "2026-01-11T10:55:25.827Z"
  }
},
{
  "model": "agents.auditlog",
  "pk": 61,
  "fields": {
    "user": 1,
    "action": "VIEW_PRESIDENCE_BRIEFING",
    "target_repr": "Présidence briefing",
    "ip_address": "127.0.0.1",
    "timestamp": "2026-01-11T10:55:42.639Z"
  }
},
{
  "model": "agents.auditlog",
  "pk": 62,
  "fields": {
    "user": 1,
    "action": "VIEW_PRESIDENCE_BRIEFING",
    "target_repr": "Présidence briefing",
    "ip_address": "127.0.0.1",
    "timestamp": "2026-01-11T11:12:38.723Z"
  }
},
{
  "model": "agents.auditlog",
  "pk": 63,
  "fields": {
    "user": 1,
    "action": "VIEW_PRESIDENCE_BRIEFING",
    "target_repr": "Présidence briefing PDF Export",
    "ip_address": "127.0.0.1",
    "timestamp": "2026-01-11T11:12:46.442Z"
  }
},
{
  "model": "agents.auditlog",
  "pk": 64,
  "fields": {
    "user": 1,
    "action": "VIEW_PRESIDENCE_BRIEFING",
    "target_repr": "Présidence briefing PDF Export",
    "ip_address": "127.0.0.1",
    "timestamp": "2026-01-11T11:15:29.471Z"
  }
},
{
  "model": "agents.auditlog",
  "pk": 65,
  "fields": {
    "user": 1,
    "action": "VIEW_PRESIDENCE_BRIEFING",
    "target_repr": "Présidence briefing PDF Export",
    "ip_address": "127.0.0.1",
    "timestamp": "2026-01-11T11:15:38.466Z"
  }
},
{
  "model": "agents.auditlog",
  "pk": 66,
  "fields": {
    "user": 1,
    "action": "VIEW_PRESIDENCE_BRIEFING",
    "target_repr": "Présidence briefing PDF Export",
    "ip_address": "127.0.0.1",
    "timestamp": "2026-01-11T11:18:22.815Z"
  }
},
{
  "model": "agents.auditlog",
  "pk": 67,
  "fields": {
    "user": 1,
    "action": "VIEW_PRESIDENCE_BRIEFING",
    "target_repr": "Présidence briefing",
    "ip_address": "127.0.0.1",
    "timestamp": "2026-01-11T11:18:34.308Z"
  }
},
{
  "model": "agents.auditlog",
  "pk": 68,
  "fields": {
    "user": 2,
    "action": "LOGIN",
    "target_repr": "Système",
    "ip_address": "127.0.0.1",
    "timestamp": "2026-01-11T11:29:25.599Z"
  }
},
{
  "model": "agents.auditlog",
  "pk": 69,
  "fields": {
    "user": 1,
    "action": "LOGIN",
    "target_repr": "Système",
    "ip_address": "127.0.0.1",
    "timestamp": "2026-01-11T11:30:43.669Z"
  }
},
{
  "model": "agents.auditlog",
  "pk": 70,
  "fields": {
    "user": 1,
    "action": "VIEW_PRESIDENCE_BRIEFING",
    "target_repr": "Présidence briefing",
    "ip_address": "127.0.0.1",
    "timestamp": "2026-01-11T11:54:50.783Z"
  }
},
{
  "model": "agents.auditlog",
  "pk": 71,
  "fields": {
    "user": 1,
    "action": "VALIDATE_CONTRIBUTION",
    "target_repr": "Contribution 4: 'Mission test 004' Statut: VALIDATED (Motif: mission validée...)",
    "ip_address": "127.0.0.1",
    "timestamp": "2026-01-11T12:10:43.805Z"
  }
},
{
  "model": "agents.auditlog",
  "pk": 72,
  "fields": {
    "user": 1,
    "action": "VALIDATE_CONTRIBUTION",
    "target_repr": "Contribution 4: 'Mission test 004' Statut: VALIDATED (Motif: mission validée...)",
    "ip_address": "127.0.0.1",
    "timestamp": "2026-01-11T12:13:36.879Z"
  }
},
{
  "model": "agents.auditlog",
  "pk": 73,
  "fields": {
    "user": 1,
    "action": "VIEW_PRESIDENCE_BRIEFING",
    "target_repr": "Présidence briefing",
    "ip_address": "127.0.0.1",
    "timestamp": "2026-01-11T12:27:57.972Z"
  }
},
{
  "model": "agents.auditlog",
  "pk": 74,
  "fields": {
    "user": 1,
    "action": "VIEW_AUDIT",
    "target_repr": "Journal d'audit",
    "ip_address": "127.0.0.1",
    "timestamp": "2026-01-11T12:33:23.111Z"
  }
},
{
  "model": "agents.auditlog",
  "pk": 75,
  "fields": {
    "user": 1,
    "action": "VIEW_PRESIDENCE_BRIEFING",
    "target_repr": "Présidence briefing",
    "ip_address": "127.0.0.1",
    "timestamp": "2026-01-11T13:04:38.524Z"
  }
},
{
  "model": "agents.auditlog",
  "pk": 76,
  "fields": {
    "user": 1,
    "action": "VIEW_AUDIT",
    "target_repr": "Journal d'audit",
    "ip_address": "127.0.0.1",
    "timestamp": "2026-01-11T13:05:19.601Z"
  }
},
{
  "model": "agents.auditlog",
  "pk": 77,
  "fields": {
    "user": 1,
    "action": "VIEW_PRESIDENCE_BRIEFING",
    "target_repr": "Présidence briefing",
    "ip_address": "127.0.0.1",
    "timestamp": "2026-01-11T13:05:25.617Z"
  }
},
{
  "model": "agents.auditlog",
  "pk": 78,
  "fields": {
    "user": 1,
    "action": "VIEW_PRESIDENCE_BRIEFING",
    "target_repr": "Présidence briefing",
    "ip_address": "127.0.0.1",
    "timestamp": "2026-01-11T13:07:37.760Z"
  }
},
{
  "model": "agents.auditlog",
  "pk": 79,
  "fields": {
    "user": 1,
    "action": "VIEW_PRESIDENCE_BRIEFING",
    "target_repr": "Présidence briefing",
    "ip_address": "127.0.0.1",
    "timestamp": "2026-01-11T13:15:41.021Z"
  }
},
{
  "model": "agents.auditlog",
  "pk": 80,
  "fields": {
    "user": 1,
    "action": "VIEW_PRESIDENCE_BRIEFING",
    "target_repr": "Présidence briefing",
    "ip_address": "127.0.0.1",
    "timestamp": "2026-01-11T13:15:46.019Z"
  }
},
{
  "model": "agents.auditlog",
  "pk": 81,
  "fields": {
    "user": 1,
    "action": "VIEW_PRESIDENCE_BRIEFING",
    "target_repr": "Présidence briefing",
    "ip_address": "127.0.0.1",
    "timestamp": "2026-01-11T13:16:08.900Z"
  }
},
{
  "model": "agents.auditlog",
  "pk": 82,
  "fields": {
    "user": 1,
    "action": "VIEW_PRESIDENCE_BRIEFING",
    "target_repr": "Présidence briefing",
    "ip_address": "127.0.0.1",
    "timestamp": "2026-01-11T13:26:02.753Z"
  }
},
{
  "model": "agents.auditlog",
  "pk": 83,
  "fields": {
    "user": 1,
    "action": "VIEW_PRESIDENCE_BRIEFING",
    "target_repr": "Présidence briefing",
    "ip_address": "127.0.0.1",
    "timestamp": "2026-01-11T13:40:38.102Z"
  }
},
{
  "model": "agents.auditlog",
  "pk": 84,
  "fields": {
    "user": 1,
    "action": "LOGIN",
    "target_repr": "Système",
    "ip_address": "127.0.0.1",
    "timestamp": "2026-01-11T13:41:16.513Z"
  }
},
{
  "model": "agents.auditlog",
  "pk": 85,
  "fields": {
    "user": 1,
    "action": "VIEW_PRESIDENCE_BRIEFING",
    "target_repr": "Présidence briefing",
    "ip_address": "127.0.0.1",
    "timestamp": "2026-01-11T13:41:19.897Z"
  }
},
{
  "model": "agents.auditlog",
  "pk": 86,
  "fields": {
    "user": 1,
    "action": "VIEW_PRESIDENCE_BRIEFING",
    "target_repr": "Présidence briefing",
    "ip_address": "127.0.0.1",
    "timestamp": "2026-01-11T13:53:10.139Z"
  }
},
{
  "model": "agents.auditlog",
  "pk": 87,
  "fields": {
    "user": 1,
    "action": "VIEW_RDC_MAP_STATUS",
    "target_repr": "Carte RDC sur briefing Présidence",
    "ip_address": "127.0.0.1",
    "timestamp": "2026-01-11T13:53:10.182Z"
  }
},
{
  "model": "agents.auditlog",
  "pk": 88,
  "fields": {
    "user": 1,
    "action": "VIEW_PRESIDENCE_BRIEFING",
    "target_repr": "Présidence briefing",
    "ip_address": "127.0.0.1",
    "timestamp": "2026-01-11T13:53:16.561Z"
  }
},
{
  "model": "agents.auditlog",
  "pk": 89,
  "fields": {
    "user": 1,
    "action": "VIEW_RDC_MAP_STATUS",
    "target_repr": "Carte RDC sur briefing Présidence",
    "ip_address": "127.0.0.1",
    "timestamp": "2026-01-11T13:53:16.604Z"
  }
},
{
  "model": "agents.auditlog",
  "pk": 90,
  "fields": {
    "user": 1,
    "action": "VIEW_PRESIDENCE_BRIEFING",
    "target_repr": "Présidence briefing",
    "ip_address": "127.0.0.1",
    "timestamp": "2026-01-11T13:59:03.516Z"
  }
},
{
  "model": "agents.auditlog",
  "pk": 91,
  "fields": {
    "user": 1,
    "action": "VIEW_RDC_MAP_STATUS",
    "target_repr": "Carte RDC sur briefing Présidence",
    "ip_address": "127.0.0.1",
    "timestamp": "2026-01-11T13:59:03.557Z"
  }
},
{
  "model": "agents.auditlog",
  "pk": 92,
  "fields": {
    "user": 1,
    "action": "VIEW_PRESIDENCE_BRIEFING",
    "target_repr": "Présidence briefing",
    "ip_address": "127.0.0.1",
    "timestamp": "2026-01-11T13:59:15.032Z"
  }
},
{
  "model": "agents.auditlog",
  "pk": 93,
  "fields": {
    "user": 1,
    "action": "VIEW_RDC_MAP_STATUS",
    "target_repr": "Carte RDC sur briefing Présidence",
    "ip_address": "127.0.0.1",
    "timestamp": "2026-01-11T13:59:15.068Z"
  }
},
{
  "model": "agents.auditlog",
  "pk": 94,
  "fields": {
    "user": 1,
    "action": "LOGIN",
    "target_repr": "Système",
    "ip_address": "127.0.0.1",
    "timestamp": "2026-01-11T13:59:26.824Z"
  }
},
{
  "model": "agents.auditlog",
  "pk": 95,
  "fields": {
    "user": 1,
    "action": "VIEW_PRESIDENCE_BRIEFING",
    "target_repr": "Présidence briefing",
    "ip_address": "127.0.0.1",
    "timestamp": "2026-01-11T13:59:29.697Z"
  }
},
{
  "model": "agents.auditlog",
  "pk": 96,
  "fields": {
    "user": 1,
    "action": "VIEW_RDC_MAP_STATUS",
    "target_repr": "Carte RDC sur briefing Présidence",
    "ip_address": "127.0.0.1",
    "timestamp": "2026-01-11T13:59:29.730Z"
  }
},
{
  "model": "agents.auditlog",
  "pk": 97,
  "fields": {
    "user": 1,
    "action": "LOGIN",
    "target_repr": "Système",
    "ip_address": "127.0.0.1",
    "timestamp": "2026-01-11T14:00:21.857Z"
  }
},
{
  "model": "agents.auditlog",
  "pk": 98,
  "fields": {
    "user": 1,
    "action": "VIEW_PRESIDENCE_BRIEFING",
    "target_repr": "Présidence briefing",
    "ip_address": "127.0.0.1",
    "timestamp": "2026-01-11T14:00:23.236Z"
  }
},
{
  "model": "agents.auditlog",
  "pk": 99,
  "fields": {
    "user": 1,
    "action": "VIEW_RDC_MAP_STATUS",
    "target_repr": "Carte RDC sur briefing Présidence",
    "ip_address": "127.0.0.1",
    "timestamp": "2026-01-11T14:00:23.266Z"
  }
},
{
  "model": "agents.auditlog",
  "pk": 100,
  "fields": {
    "user": 1,
    "action": "LOGIN",
    "target_repr": "Système",
    "ip_address": "127.0.0.1",
    "timestamp": "2026-01-11T14:00:31.497Z"
  }
},
{
  "model": "agents.auditlog",
  "pk": 101,
  "fields": {
    "user": 1,
    "action": "VIEW_PRESIDENCE_BRIEFING",
    "target_repr": "Présidence briefing",
    "ip_address": "127.0.0.1",
    "timestamp": "2026-01-11T14:00:33.861Z"
  }
},
{
  "model": "agents.auditlog",
  "pk": 102,
  "fields": {
    "user": 1,
    "action": "VIEW_RDC_MAP_STATUS",
    "target_repr": "Carte RDC sur briefing Présidence",
    "ip_address": "127.0.0.1",
    "timestamp": "2026-01-11T14:00:33.890Z"
  }
},
{
  "model": "agents.auditlog",
  "pk": 103,
  "fields": {
    "user": 1,
    "action": "VIEW_PRESIDENCE_BRIEFING",
    "target_repr": "Présidence briefing",
    "ip_address": "127.0.0.1",
    "timestamp": "2026-01-11T14:06:53.370Z"
  }
},
{
  "model": "agents.auditlog",
  "pk": 104,
  "fields": {
    "user": 1,
    "action": "VIEW_RDC_MAP_STATUS",
    "target_repr": "Carte RDC sur briefing Présidence",
    "ip_address": "127.0.0.1",
    "timestamp": "2026-01-11T14:06:53.414Z"
  }
},
{
  "model": "agents.auditlog",
  "pk": 105,
  "fields": {
    "user": 1,
    "action": "VIEW_PRESIDENCE_BRIEFING",
    "target_repr": "Présidence briefing",
    "ip_address": "127.0.0.1",
    "timestamp": "2026-01-11T14:06:56.696Z"
  }
},
{
  "model": "agents.auditlog",
  "pk": 106,
  "fields": {
    "user": 1,
    "action": "VIEW_RDC_MAP_STATUS",
    "target_repr": "Carte RDC sur briefing Présidence",
    "ip_address": "127.0.0.1",
    "timestamp": "2026-01-11T14:06:56.737Z"
  }
},
{
  "model": "agents.auditlog",
  "pk": 107,
  "fields": {
    "user": 1,
    "action": "VIEW_PRESIDENCE_BRIEFING",
    "target_repr": "Présidence briefing",
    "ip_address": "127.0.0.1",
    "timestamp": "2026-01-11T14:08:17.083Z"
  }
},
{
  "model": "agents.auditlog",
  "pk": 108,
  "fields": {
    "user": 1,
    "action": "VIEW_RDC_MAP_STATUS",
    "target_repr": "Carte RDC sur briefing Présidence",
    "ip_address": "127.0.0.1",
    "timestamp": "2026-01-11T14:08:17.130Z"
  }
},
{
  "model": "agents.auditlog",
  "pk": 109,
  "fields": {
    "user": 1,
    "action": "LOGIN",
    "target_repr": "Système",
    "ip_address": "127.0.0.1",
    "timestamp": "2026-01-11T14:12:46.008Z"
  }
},
{
  "model": "agents.auditlog",
  "pk": 110,
  "fields": {
    "user": 1,
    "action": "VIEW_PRESIDENCE_BRIEFING",
    "target_repr": "Présidence briefing",
    "ip_address": "127.0.0.1",
    "timestamp": "2026-01-11T14:21:19.021Z"
  }
},
{
  "model": "agents.auditlog",
  "pk": 111,
  "fields": {
    "user": 1,
    "action": "VIEW_RDC_MAP_STATUS",
    "target_repr": "Carte RDC sur briefing Présidence",
    "ip_address": "127.0.0.1",
    "timestamp": "2026-01-11T14:21:19.052Z"
  }
},
{
  "model": "agents.auditlog",
  "pk": 112,
  "fields": {
    "user": 1,
    "action": "VIEW_PRESIDENCE_BRIEFING",
    "target_repr": "Présidence briefing",
    "ip_address": "127.0.0.1",
    "timestamp": "2026-01-11T14:21:22.605Z"
  }
},
{
  "model": "agents.auditlog",
  "pk": 113,
  "fields": {
    "user": 1,
    "action": "VIEW_RDC_MAP_STATUS",
    "target_repr": "Carte RDC sur briefing Présidence",
    "ip_address": "127.0.0.1",
    "timestamp": "2026-01-11T14:21:22.645Z"
  }
},
{
  "model": "agents.auditlog",
  "pk": 114,
  "fields": {
    "user": 1,
    "action": "VIEW_PRESIDENCE_BRIEFING",
    "target_repr": "Présidence briefing",
    "ip_address": "127.0.0.1",
    "timestamp": "2026-01-11T14:21:32.421Z"
  }
},
{
  "model": "agents.auditlog",
  "pk": 115,
  "fields": {
    "user": 1,
    "action": "VIEW_RDC_MAP_STATUS",
    "target_repr": "Carte RDC sur briefing Présidence",
    "ip_address": "127.0.0.1",
    "timestamp": "2026-01-11T14:21:32.464Z"
  }
},
{
  "model": "agents.auditlog",
  "pk": 116,
  "fields": {
    "user": 1,
    "action": "VIEW_PRESIDENCE_BRIEFING",
    "target_repr": "Présidence briefing",
    "ip_address": "127.0.0.1",
    "timestamp": "2026-01-11T14:25:51.360Z"
  }
},
{
  "model": "agents.auditlog",
  "pk": 117,
  "fields": {
    "user": 1,
    "action": "VIEW_RDC_MAP_STATUS",
    "target_repr": "Carte RDC sur briefing Présidence",
    "ip_address": "127.0.0.1",
    "timestamp": "2026-01-11T14:25:51.399Z"
  }
},
{
  "model": "agents.auditlog",
  "pk": 118,
  "fields": {
    "user": 1,
    "action": "VIEW_PRESIDENCE_BRIEFING",
    "target_repr": "Présidence briefing",
    "ip_address": "127.0.0.1",
    "timestamp": "2026-01-11T14:35:23.937Z"
  }
},
{
  "model": "agents.auditlog",
  "pk": 119,
  "fields": {
    "user": 1,
    "action": "VIEW_RDC_MAP_STATUS",
    "target_repr": "Carte RDC sur briefing Présidence",
    "ip_address": "127.0.0.1",
    "timestamp": "2026-01-11T14:35:23.985Z"
  }
},
{
  "model": "agents.auditlog",
  "pk": 120,
  "fields": {
    "user": 1,
    "action": "VIEW_PRESIDENCE_BRIEFING",
    "target_repr": "Présidence briefing",
    "ip_address": "127.0.0.1",
    "timestamp": "2026-01-11T14:35:27.612Z"
  }
},
{
  "model": "agents.auditlog",
  "pk": 121,
  "fields": {
    "user": 1,
    "action": "VIEW_RDC_MAP_STATUS",
    "target_repr": "Carte RDC sur briefing Présidence",
    "ip_address": "127.0.0.1",
    "timestamp": "2026-01-11T14:35:27.662Z"
  }
},
{
  "model": "agents.auditlog",
  "pk": 122,
  "fields": {
    "user": 1,
    "action": "VIEW_PRESIDENCE_BRIEFING",
    "target_repr": "Présidence briefing",
    "ip_address": "127.0.0.1",
    "timestamp": "2026-01-11T14:35:32.363Z"
  }
},
{
  "model": "agents.auditlog",
  "pk": 123,
  "fields": {
    "user": 1,
    "action": "VIEW_RDC_MAP_STATUS",
    "target_repr": "Carte RDC sur briefing Présidence",
    "ip_address": "127.0.0.1",
    "timestamp": "2026-01-11T14:35:32.404Z"
  }
},
{
  "model": "agents.auditlog",
  "pk": 124,
  "fields": {
    "user": 1,
    "action": "LOGIN",
    "target_repr": "Système",
    "ip_address": "127.0.0.1",
    "timestamp": "2026-01-11T14:35:48.802Z"
  }
},
{
  "model": "agents.auditlog",
  "pk": 125,
  "fields": {
    "user": 1,
    "action": "VIEW_PRESIDENCE_BRIEFING",
    "target_repr": "Présidence briefing",
    "ip_address": "127.0.0.1",
    "timestamp": "2026-01-11T14:35:52.429Z"
  }
},
{
  "model": "agents.auditlog",
  "pk": 126,
  "fields": {
    "user": 1,
    "action": "VIEW_RDC_MAP_STATUS",
    "target_repr": "Carte RDC sur briefing Présidence",
    "ip_address": "127.0.0.1",
    "timestamp": "2026-01-11T14:35:52.460Z"
  }
},
{
  "model": "agents.auditlog",
  "pk": 127,
  "fields": {
    "user": 1,
    "action": "VIEW_PRESIDENCE_BRIEFING",
    "target_repr": "Présidence briefing",
    "ip_address": "127.0.0.1",
    "timestamp": "2026-01-11T14:46:07.305Z"
  }
},
{
  "model": "agents.auditlog",
  "pk": 128,
  "fields": {
    "user": 1,
    "action": "VIEW_RDC_MAP_STATUS",
    "target_repr": "Carte RDC sur briefing Présidence",
    "ip_address": "127.0.0.1",
    "timestamp": "2026-01-11T14:46:07.349Z"
  }
},
{
  "model": "agents.auditlog",
  "pk": 129,
  "fields": {
    "user": 1,
    "action": "VIEW_PRESIDENCE_BRIEFING",
    "target_repr": "Présidence briefing",
    "ip_address": "127.0.0.1",
    "timestamp": "2026-01-11T14:46:11.161Z"
  }
},
{
  "model": "agents.auditlog",
  "pk": 130,
  "fields": {
    "user": 1,
    "action": "VIEW_RDC_MAP_STATUS",
    "target_repr": "Carte RDC sur briefing Présidence",
    "ip_address": "127.0.0.1",
    "timestamp": "2026-01-11T14:46:11.207Z"
  }
},
{
  "model": "agents.auditlog",
  "pk": 131,
  "fields": {
    "user": 1,
    "action": "VIEW_PRESIDENCE_BRIEFING",
    "target_repr": "Présidence briefing",
    "ip_address": "127.0.0.1",
    "timestamp": "2026-01-11T14:54:54.021Z"
  }
},
{
  "model": "agents.auditlog",
  "pk": 132,
  "fields": {
    "user": 1,
    "action": "VIEW_RDC_MAP_STATUS",
    "target_repr": "Carte RDC sur briefing Présidence",
    "ip_address": "127.0.0.1",
    "timestamp": "2026-01-11T14:54:54.066Z"
  }
},
{
  "model": "agents.auditlog",
  "pk": 133,
  "fields": {
    "user": 1,
    "action": "VIEW_PRESIDENCE_BRIEFING",
    "target_repr": "Présidence briefing",
    "ip_address": "127.0.0.1",
    "timestamp": "2026-01-11T14:56:11.090Z"
  }
},
{
  "model": "agents.auditlog",
  "pk": 134,
  "fields": {
    "user": 1,
    "action": "VIEW_RDC_MAP_STATUS",
    "target_repr": "Carte RDC sur briefing Présidence",
    "ip_address": "127.0.0.1",
    "timestamp": "2026-01-11T14:56:11.131Z"
  }
},
{
  "model": "agents.auditlog",
  "pk": 135,
  "fields": {
    "user": 1,
    "action": "VIEW_PRESIDENCE_BRIEFING",
    "target_repr": "Présidence briefing",
    "ip_address": "127.0.0.1",
    "timestamp": "2026-01-11T14:56:16.299Z"
  }
},
{
  "model": "agents.auditlog",
  "pk": 136,
  "fields": {
    "user": 1,
    "action": "VIEW_RDC_MAP_STATUS",
    "target_repr": "Carte RDC sur briefing Présidence",
    "ip_address": "127.0.0.1",
    "timestamp": "2026-01-11T14:56:16.341Z"
  }
},
{
  "model": "agents.auditlog",
  "pk": 137,
  "fields": {
    "user": 1,
    "action": "VIEW_PRESIDENCE_BRIEFING",
    "target_repr": "Présidence briefing",
    "ip_address": "127.0.0.1",
    "timestamp": "2026-01-11T14:56:18.917Z"
  }
},
{
  "model": "agents.auditlog",
  "pk": 138,
  "fields": {
    "user": 1,
    "action": "VIEW_RDC_MAP_STATUS",
    "target_repr": "Carte RDC sur briefing Présidence",
    "ip_address": "127.0.0.1",
    "timestamp": "2026-01-11T14:56:18.962Z"
  }
},
{
  "model": "agents.auditlog",
  "pk": 139,
  "fields": {
    "user": 1,
    "action": "LOGIN",
    "target_repr": "Système",
    "ip_address": "127.0.0.1",
    "timestamp": "2026-01-11T14:56:25.194Z"
  }
},
{
  "model": "agents.auditlog",
  "pk": 140,
  "fields": {
    "user": 1,
    "action": "VIEW_PRESIDENCE_BRIEFING",
    "target_repr": "Présidence briefing",
    "ip_address": "127.0.0.1",
    "timestamp": "2026-01-11T14:56:27.999Z"
  }
},
{
  "model": "agents.auditlog",
  "pk": 141,
  "fields": {
    "user": 1,
    "action": "VIEW_RDC_MAP_STATUS",
    "target_repr": "Carte RDC sur briefing Présidence",
    "ip_address": "127.0.0.1",
    "timestamp": "2026-01-11T14:56:28.028Z"
  }
},
{
  "model": "agents.auditlog",
  "pk": 142,
  "fields": {
    "user": 1,
    "action": "VIEW_PRESIDENCE_BRIEFING",
    "target_repr": "Présidence briefing",
    "ip_address": "127.0.0.1",
    "timestamp": "2026-01-11T15:04:04.621Z"
  }
},
{
  "model": "agents.auditlog",
  "pk": 143,
  "fields": {
    "user": 1,
    "action": "VIEW_RDC_MAP_STATUS",
    "target_repr": "Carte RDC sur briefing Présidence",
    "ip_address": "127.0.0.1",
    "timestamp": "2026-01-11T15:04:04.662Z"
  }
},
{
  "model": "agents.auditlog",
  "pk": 144,
  "fields": {
    "user": 1,
    "action": "VIEW_PRESIDENCE_BRIEFING",
    "target_repr": "Présidence briefing",
    "ip_address": "127.0.0.1",
    "timestamp": "2026-01-11T15:09:59.312Z"
  }
},
{
  "model": "agents.auditlog",
  "pk": 145,
  "fields": {
    "user": 1,
    "action": "VIEW_RDC_MAP_STATUS",
    "target_repr": "Carte RDC sur briefing Présidence",
    "ip_address": "127.0.0.1",
    "timestamp": "2026-01-11T15:09:59.364Z"
  }
},
{
  "model": "agents.auditlog",
  "pk": 146,
  "fields": {
    "user": 1,
    "action": "SYSTEM_WEAK_SIGNALS",
    "target_repr": "Présidence: calcul signaux faibles (72h) - 1 résultats",
    "ip_address": null,
    "timestamp": "2026-01-11T15:09:59.379Z"
  }
},
{
  "model": "agents.auditlog",
  "pk": 147,
  "fields": {
    "user": 1,
    "action": "LOGIN",
    "target_repr": "Système",
    "ip_address": "127.0.0.1",
    "timestamp": "2026-01-11T15:21:04.532Z"
  }
},
{
  "model": "agents.auditlog",
  "pk": 148,
  "fields": {
    "user": 1,
    "action": "CHEF_CREATE_RECOUPEMENT",
    "target_repr": "Ticket #1: Signal: AFFAIRE",
    "ip_address": null,
    "timestamp": "2026-01-11T15:33:54.630Z"
  }
},
{
  "model": "agents.auditlog",
  "pk": 149,
  "fields": {
    "user": 1,
    "action": "CHEF_TAKE_RECOUPEMENT",
    "target_repr": "Ticket #1: Signal: AFFAIRE",
    "ip_address": null,
    "timestamp": "2026-01-11T15:34:08.378Z"
  }
},
{
  "model": "agents.auditlog",
  "pk": 150,
  "fields": {
    "user": 1,
    "action": "CHEF_CREATE_RECOUPEMENT",
    "target_repr": "Ticket #2: Signal: AFFAIRE",
    "ip_address": null,
    "timestamp": "2026-01-11T15:45:47.605Z"
  }
},
{
  "model": "agents.auditlog",
  "pk": 151,
  "fields": {
    "user": 1,
    "action": "CHEF_CREATE_RECOUPEMENT",
    "target_repr": "Ticket #3: Signal: AFFAIRE",
    "ip_address": null,
    "timestamp": "2026-01-11T15:54:55.740Z"
  }
},
{
  "model": "agents.auditlog",
  "pk": 152,
  "fields": {
    "user": 1,
    "action": "CHEF_CREATE_RECOUPEMENT",
    "target_repr": "Ticket #4: Signal: AFFAIRE",
    "ip_address": null,
    "timestamp": "2026-01-11T16:21:41.270Z"
  }
},
{
  "model": "agents.auditlog",
  "pk": 153,
  "fields": {
    "user": 1,
    "action": "LOGIN",
    "target_repr": "Système",
    "ip_address": "127.0.0.1",
    "timestamp": "2026-01-11T16:40:34.675Z"
  }
},
{
  "model": "agents.auditlog",
  "pk": 154,
  "fields": {
    "user": 1,
    "action": "VIEW_PRESIDENCE_BRIEFING",
    "target_repr": "Présidence briefing",
    "ip_address": "127.0.0.1",
    "timestamp": "2026-01-11T16:40:39.846Z"
  }
},
{
  "model": "agents.auditlog",
  "pk": 155,
  "fields": {
    "user": 1,
    "action": "VIEW_RDC_MAP_STATUS",
    "target_repr": "Carte RDC sur briefing Présidence",
    "ip_address": "127.0.0.1",
    "timestamp": "2026-01-11T16:40:39.881Z"
  }
},
{
  "model": "agents.auditlog",
  "pk": 156,
  "fields": {
    "user": 1,
    "action": "SYSTEM_WEAK_SIGNALS",
    "target_repr": "Présidence: calcul signaux faibles (72h) - 1 résultats",
    "ip_address": null,
    "timestamp": "2026-01-11T16:40:39.899Z"
  }
},
{
  "model": "agents.auditlog",
  "pk": 157,
  "fields": {
    "user": 1,
    "action": "VIEW_PRESIDENCE_BRIEFING",
    "target_repr": "Présidence briefing",
    "ip_address": "127.0.0.1",
    "timestamp": "2026-01-11T16:40:43.091Z"
  }
},
{
  "model": "agents.auditlog",
  "pk": 158,
  "fields": {
    "user": 1,
    "action": "VIEW_RDC_MAP_STATUS",
    "target_repr": "Carte RDC sur briefing Présidence",
    "ip_address": "127.0.0.1",
    "timestamp": "2026-01-11T16:40:43.129Z"
  }
},
{
  "model": "agents.auditlog",
  "pk": 159,
  "fields": {
    "user": 1,
    "action": "SYSTEM_WEAK_SIGNALS",
    "target_repr": "Présidence: calcul signaux faibles (72h) - 1 résultats",
    "ip_address": null,
    "timestamp": "2026-01-11T16:40:43.147Z"
  }
},
{
  "model": "agents.auditlog",
  "pk": 160,
  "fields": {
    "user": 1,
    "action": "VIEW_PRESIDENCE_BRIEFING",
    "target_repr": "Présidence briefing",
    "ip_address": "127.0.0.1",
    "timestamp": "2026-01-11T16:47:38.259Z"
  }
},
{
  "model": "agents.auditlog",
  "pk": 161,
  "fields": {
    "user": 1,
    "action": "VIEW_RDC_MAP_STATUS",
    "target_repr": "Carte RDC sur briefing Présidence",
    "ip_address": "127.0.0.1",
    "timestamp": "2026-01-11T16:47:38.300Z"
  }
},
{
  "model": "agents.auditlog",
  "pk": 162,
  "fields": {
    "user": 1,
    "action": "SYSTEM_WEAK_SIGNALS",
    "target_repr": "Présidence: calcul signaux faibles (72h) - 1 résultats",
    "ip_address": null,
    "timestamp": "2026-01-11T16:47:38.318Z"
  }
},
{
  "model": "agents.auditlog",
  "pk": 163,
  "fields": {
    "user": 1,
    "action": "VIEW_PRESIDENCE_BRIEFING",
    "target_repr": "Présidence briefing",
    "ip_address": "127.0.0.1",
    "timestamp": "2026-01-11T16:47:42.134Z"
  }
},
{
  "model": "agents.auditlog",
  "pk": 164,
  "fields": {
    "user": 1,
    "action": "VIEW_RDC_MAP_STATUS",
    "target_repr": "Carte RDC sur briefing Présidence",
    "ip_address": "127.0.0.1",
    "timestamp": "2026-01-11T16:47:42.172Z"
  }
},
{
  "model": "agents.auditlog",
  "pk": 165,
  "fields": {
    "user": 1,
    "action": "SYSTEM_WEAK_SIGNALS",
    "target_repr": "Présidence: calcul signaux faibles (72h) - 1 résultats",
    "ip_address": null,
    "timestamp": "2026-01-11T16:47:42.189Z"
  }
},
{
  "model": "agents.auditlog",
  "pk": 166,
  "fields": {
    "user": 1,
    "action": "VIEW_PRESIDENCE_BRIEFING",
    "target_repr": "Présidence briefing",
    "ip_address": "127.0.0.1",
    "timestamp": "2026-01-11T16:50:51.395Z"
  }
},
{
  "model": "agents.auditlog",
  "pk": 167,
  "fields": {
    "user": 1,
    "action": "VIEW_RDC_MAP_STATUS",
    "target_repr": "Carte RDC sur briefing Présidence",
    "ip_address": "127.0.0.1",
    "timestamp": "2026-01-11T16:50:51.473Z"
  }
},
{
  "model": "agents.auditlog",
  "pk": 168,
  "fields": {
    "user": 1,
    "action": "SYSTEM_WEAK_SIGNALS",
    "target_repr": "Présidence: calcul signaux faibles (72h) - 1 résultats",
    "ip_address": null,
    "timestamp": "2026-01-11T16:50:51.492Z"
  }
},
{
  "model": "agents.auditlog",
  "pk": 169,
  "fields": {
    "user": 1,
    "action": "VIEW_PRESIDENCE_BRIEFING",
    "target_repr": "Présidence briefing",
    "ip_address": "127.0.0.1",
    "timestamp": "2026-01-11T16:51:10.625Z"
  }
},
{
  "model": "agents.auditlog",
  "pk": 170,
  "fields": {
    "user": 1,
    "action": "VIEW_RDC_MAP_STATUS",
    "target_repr": "Carte RDC sur briefing Présidence",
    "ip_address": "127.0.0.1",
    "timestamp": "2026-01-11T16:51:10.664Z"
  }
},
{
  "model": "agents.auditlog",
  "pk": 171,
  "fields": {
    "user": 1,
    "action": "SYSTEM_WEAK_SIGNALS",
    "target_repr": "Présidence: calcul signaux faibles (72h) - 1 résultats",
    "ip_address": null,
    "timestamp": "2026-01-11T16:51:10.681Z"
  }
},
{
  "model": "agents.auditlog",
  "pk": 172,
  "fields": {
    "user": 1,
    "action": "VIEW_PRESIDENCE_BRIEFING",
    "target_repr": "Présidence briefing",
    "ip_address": "127.0.0.1",
    "timestamp": "2026-01-11T16:55:28.988Z"
  }
},
{
  "model": "agents.auditlog",
  "pk": 173,
  "fields": {
    "user": 1,
    "action": "VIEW_RDC_MAP_STATUS",
    "target_repr": "Carte RDC sur briefing Présidence",
    "ip_address": "127.0.0.1",
    "timestamp": "2026-01-11T16:55:29.029Z"
  }
},
{
  "model": "agents.auditlog",
  "pk": 174,
  "fields": {
    "user": 1,
    "action": "SYSTEM_WEAK_SIGNALS",
    "target_repr": "Présidence: calcul signaux faibles (72h) - 1 résultats",
    "ip_address": null,
    "timestamp": "2026-01-11T16:55:29.047Z"
  }
},
{
  "model": "agents.auditlog",
  "pk": 175,
  "fields": {
    "user": 1,
    "action": "VIEW_PRESIDENCE_BRIEFING",
    "target_repr": "Présidence briefing PDF Export",
    "ip_address": "127.0.0.1",
    "timestamp": "2026-01-11T17:00:43.053Z"
  }
},
{
  "model": "agents.auditlog",
  "pk": 176,
  "fields": {
    "user": 1,
    "action": "VIEW_PRESIDENCE_BRIEFING",
    "target_repr": "Présidence briefing",
    "ip_address": "127.0.0.1",
    "timestamp": "2026-01-11T17:12:25.457Z"
  }
},
{
  "model": "agents.auditlog",
  "pk": 177,
  "fields": {
    "user": 1,
    "action": "VIEW_RDC_MAP_STATUS",
    "target_repr": "Carte RDC sur briefing Présidence",
    "ip_address": "127.0.0.1",
    "timestamp": "2026-01-11T17:12:25.509Z"
  }
},
{
  "model": "agents.auditlog",
  "pk": 178,
  "fields": {
    "user": 1,
    "action": "SYSTEM_WEAK_SIGNALS",
    "target_repr": "Présidence: calcul signaux faibles (72h) - 1 résultats",
    "ip_address": null,
    "timestamp": "2026-01-11T17:12:25.531Z"
  }
},
{
  "model": "agents.auditlog",
  "pk": 179,
  "fields": {
    "user": 1,
    "action": "VIEW_PRESIDENCE_BRIEFING",
    "target_repr": "Présidence briefing",
    "ip_address": "127.0.0.1",
    "timestamp": "2026-01-11T17:23:28.457Z"
  }
},
{
  "model": "agents.auditlog",
  "pk": 180,
  "fields": {
    "user": 1,
    "action": "VIEW_RDC_MAP_STATUS",
    "target_repr": "Carte RDC sur briefing Présidence",
    "ip_address": "127.0.0.1",
    "timestamp": "2026-01-11T17:23:28.500Z"
  }
},
{
  "model": "agents.auditlog",
  "pk": 181,
  "fields": {
    "user": 1,
    "action": "SYSTEM_WEAK_SIGNALS",
    "target_repr": "Présidence: calcul signaux faibles (72h) - 1 résultats",
    "ip_address": null,
    "timestamp": "2026-01-11T17:23:28.518Z"
  }
},
{
  "model": "agents.auditlog",
  "pk": 182,
  "fields": {
    "user": 1,
    "action": "LOGIN",
    "target_repr": "Système",
    "ip_address": "127.0.0.1",
    "timestamp": "2026-01-11T17:26:30.249Z"
  }
},
{
  "model": "agents.auditlog",
  "pk": 183,
  "fields": {
    "user": 1,
    "action": "VIEW_PRESIDENCE_BRIEFING",
    "target_repr": "Présidence briefing",
    "ip_address": "127.0.0.1",
    "timestamp": "2026-01-11T17:28:51.572Z"
  }
},
{
  "model": "agents.auditlog",
  "pk": 184,
  "fields": {
    "user": 1,
    "action": "VIEW_RDC_MAP_STATUS",
    "target_repr": "Carte RDC sur briefing Présidence",
    "ip_address": "127.0.0.1",
    "timestamp": "2026-01-11T17:28:51.608Z"
  }
},
{
  "model": "agents.auditlog",
  "pk": 185,
  "fields": {
    "user": 1,
    "action": "SYSTEM_WEAK_SIGNALS",
    "target_repr": "Présidence: calcul signaux faibles (72h) - 1 résultats",
    "ip_address": null,
    "timestamp": "2026-01-11T17:28:51.625Z"
  }
},
{
  "model": "agents.auditlog",
  "pk": 186,
  "fields": {
    "user": 1,
    "action": "VIEW_AUDIT",
    "target_repr": "Journal d'audit",
    "ip_address": "127.0.0.1",
    "timestamp": "2026-01-11T17:29:23.941Z"
  }
},
{
  "model": "agents.auditlog",
  "pk": 187,
  "fields": {
    "user": 1,
    "action": "LOGIN",
    "target_repr": "Système",
    "ip_address": "127.0.0.1",
    "timestamp": "2026-01-11T19:56:29.279Z"
  }
},
{
  "model": "agents.auditlog",
  "pk": 188,
  "fields": {
    "user": 1,
    "action": "VIEW_PRESIDENCE_BRIEFING",
    "target_repr": "Présidence briefing",
    "ip_address": "127.0.0.1",
    "timestamp": "2026-01-11T19:56:45.125Z"
  }
},
{
  "model": "agents.auditlog",
  "pk": 189,
  "fields": {
    "user": 1,
    "action": "VIEW_RDC_MAP_STATUS",
    "target_repr": "Carte RDC sur briefing Présidence",
    "ip_address": "127.0.0.1",
    "timestamp": "2026-01-11T19:56:45.161Z"
  }
},
{
  "model": "agents.auditlog",
  "pk": 190,
  "fields": {
    "user": 1,
    "action": "SYSTEM_WEAK_SIGNALS",
    "target_repr": "Présidence: calcul signaux faibles (72h) - 1 résultats",
    "ip_address": null,
    "timestamp": "2026-01-11T19:56:45.179Z"
  }
},
{
  "model": "agents.auditlog",
  "pk": 191,
  "fields": {
    "user": 1,
    "action": "VIEW_PRESIDENCE_BRIEFING",
    "target_repr": "Présidence briefing",
    "ip_address": "127.0.0.1",
    "timestamp": "2026-01-11T20:43:52.153Z"
  }
},
{
  "model": "agents.auditlog",
  "pk": 192,
  "fields": {
    "user": 1,
    "action": "VIEW_RDC_MAP_STATUS",
    "target_repr": "Carte RDC sur briefing Présidence",
    "ip_address": "127.0.0.1",
    "timestamp": "2026-01-11T20:43:52.201Z"
  }
},
{
  "model": "agents.auditlog",
  "pk": 193,
  "fields": {
    "user": 1,
    "action": "SYSTEM_WEAK_SIGNALS",
    "target_repr": "Présidence: calcul signaux faibles (72h) - 1 résultats",
    "ip_address": null,
    "timestamp": "2026-01-11T20:43:52.232Z"
  }
},
{
  "model": "agents.auditlog",
  "pk": 194,
  "fields": {
    "user": 1,
    "action": "VIEW_PRESIDENCE_BRIEFING",
    "target_repr": "Présidence briefing",
    "ip_address": "127.0.0.1",
    "timestamp": "2026-01-11T20:46:50.158Z"
  }
},
{
  "model": "agents.auditlog",
  "pk": 195,
  "fields": {
    "user": 1,
    "action": "VIEW_RDC_MAP_STATUS",
    "target_repr": "Carte RDC sur briefing Présidence",
    "ip_address": "127.0.0.1",
    "timestamp": "2026-01-11T20:46:50.197Z"
  }
},
{
  "model": "agents.auditlog",
  "pk": 196,
  "fields": {
    "user": 1,
    "action": "SYSTEM_WEAK_SIGNALS",
    "target_repr": "Présidence: calcul signaux faibles (72h) - 1 résultats",
    "ip_address": null,
    "timestamp": "2026-01-11T20:46:50.214Z"
  }
},
{
  "model": "agents.auditlog",
  "pk": 197,
  "fields": {
    "user": 2,
    "action": "LOGIN",
    "target_repr": "Système",
    "ip_address": "127.0.0.1",
    "timestamp": "2026-01-11T20:47:39.698Z"
  }
},
{
  "model": "agents.auditlog",
  "pk": 198,
  "fields": {
    "user": 2,
    "action": "CRISIS_MODE_ON",
    "target_repr": "Agent jlondja a démarré une patrouille.",
    "ip_address": null,
    "timestamp": "2026-01-11T21:07:19.865Z"
  }
},
{
  "model": "agents.auditlog",
  "pk": 199,
  "fields": {
    "user": 2,
    "action": "CRISIS_MODE_OFF",
    "target_repr": "Agent jlondja a terminé sa patrouille.",
    "ip_address": null,
    "timestamp": "2026-01-11T21:07:23.966Z"
  }
},
{
  "model": "agents.auditlog",
  "pk": 200,
  "fields": {
    "user": 2,
    "action": "CRISIS_MODE_ON",
    "target_repr": "Agent jlondja a démarré une patrouille.",
    "ip_address": null,
    "timestamp": "2026-01-11T21:07:31.592Z"
  }
},
{
  "model": "agents.auditlog",
  "pk": 201,
  "fields": {
    "user": 2,
    "action": "CRISIS_MODE_OFF",
    "target_repr": "Agent jlondja a terminé sa patrouille.",
    "ip_address": null,
    "timestamp": "2026-01-11T21:07:36.624Z"
  }
},
{
  "model": "agents.auditlog",
  "pk": 202,
  "fields": {
    "user": 2,
    "action": "LOGIN",
    "target_repr": "Système",
    "ip_address": "127.0.0.1",
    "timestamp": "2026-01-11T21:14:52.939Z"
  }
},
{
  "model": "agents.auditlog",
  "pk": 203,
  "fields": {
    "user": 2,
    "action": "AGENT_STATUS_CHANGE",
    "target_repr": "Agent jlondja a démarré une patrouille.",
    "ip_address": null,
    "timestamp": "2026-01-11T21:21:17.225Z"
  }
},
{
  "model": "agents.auditlog",
  "pk": 204,
  "fields": {
    "user": 2,
    "action": "AGENT_STATUS_CHANGE",
    "target_repr": "Agent jlondja a terminé sa patrouille.",
    "ip_address": null,
    "timestamp": "2026-01-11T21:21:21.888Z"
  }
},
{
  "model": "agents.auditlog",
  "pk": 205,
  "fields": {
    "user": 2,
    "action": "AGENT_STATUS_CHANGE",
    "target_repr": "Agent jlondja a démarré une patrouille.",
    "ip_address": null,
    "timestamp": "2026-01-11T21:21:24.278Z"
  }
},
{
  "model": "agents.auditlog",
  "pk": 206,
  "fields": {
    "user": 2,
    "action": "AGENT_STATUS_CHANGE",
    "target_repr": "Agent jlondja a terminé sa patrouille.",
    "ip_address": null,
    "timestamp": "2026-01-11T21:21:26.625Z"
  }
},
{
  "model": "agents.auditlog",
  "pk": 207,
  "fields": {
    "user": 2,
    "action": "AGENT_STATUS_CHANGE",
    "target_repr": "Agent jlondja a démarré une patrouille.",
    "ip_address": null,
    "timestamp": "2026-01-11T21:22:02.371Z"
  }
},
{
  "model": "agents.auditlog",
  "pk": 208,
  "fields": {
    "user": 2,
    "action": "AGENT_STATUS_CHANGE",
    "target_repr": "Agent jlondja a terminé sa patrouille.",
    "ip_address": null,
    "timestamp": "2026-01-11T21:22:16.526Z"
  }
},
{
  "model": "agents.auditlog",
  "pk": 209,
  "fields": {
    "user": 2,
    "action": "AGENT_STATUS_CHANGE",
    "target_repr": "Agent jlondja a démarré une patrouille.",
    "ip_address": null,
    "timestamp": "2026-01-11T22:03:50.964Z"
  }
},
{
  "model": "agents.auditlog",
  "pk": 210,
  "fields": {
    "user": 2,
    "action": "LOGIN",
    "target_repr": "Système",
    "ip_address": "127.0.0.1",
    "timestamp": "2026-01-11T22:11:20.759Z"
  }
},
{
  "model": "agents.auditlog",
  "pk": 211,
  "fields": {
    "user": 2,
    "action": "LOGIN",
    "target_repr": "Système",
    "ip_address": "127.0.0.1",
    "timestamp": "2026-01-11T22:17:32.562Z"
  }
},
{
  "model": "agents.auditlog",
  "pk": 212,
  "fields": {
    "user": 1,
    "action": "LOGIN",
    "target_repr": "Système",
    "ip_address": "127.0.0.1",
    "timestamp": "2026-01-11T22:21:26.371Z"
  }
},
{
  "model": "agents.auditlog",
  "pk": 213,
  "fields": {
    "user": 2,
    "action": "LOGIN",
    "target_repr": "Système",
    "ip_address": "127.0.0.1",
    "timestamp": "2026-01-11T22:22:03.467Z"
  }
},
{
  "model": "agents.auditlog",
  "pk": 214,
  "fields": {
    "user": 2,
    "action": "LOGIN",
    "target_repr": "Système",
    "ip_address": "127.0.0.1",
    "timestamp": "2026-01-11T22:39:49.808Z"
  }
},
{
  "model": "agents.auditlog",
  "pk": 215,
  "fields": {
    "user": 2,
    "action": "AGENT_STATUS_CHANGE",
    "target_repr": "Agent jlondja a terminé sa patrouille.",
    "ip_address": null,
    "timestamp": "2026-01-11T22:40:24.561Z"
  }
},
{
  "model": "agents.auditlog",
  "pk": 216,
  "fields": {
    "user": 2,
    "action": "LOGIN",
    "target_repr": "Système",
    "ip_address": "127.0.0.1",
    "timestamp": "2026-01-11T22:41:25.851Z"
  }
},
{
  "model": "agents.auditlog",
  "pk": 217,
  "fields": {
    "user": 2,
    "action": "CONTRIBUTION_SHARED",
    "target_repr": "Contribution 4 partagée vers ANR",
    "ip_address": null,
    "timestamp": "2026-01-12T11:12:22.229Z"
  }
},
{
  "model": "agents.auditlog",
  "pk": 218,
  "fields": {
    "user": 2,
    "action": "CONTRIBUTION_SHARED",
    "target_repr": "Contribution 4 partagée vers Ambassade RDC - Belgique",
    "ip_address": null,
    "timestamp": "2026-01-12T11:23:03.213Z"
  }
},
{
  "model": "agents.auditlog",
  "pk": 219,
  "fields": {
    "user": 3,
    "action": "LOGIN",
    "target_repr": "Système",
    "ip_address": "127.0.0.1",
    "timestamp": "2026-01-12T11:23:51.880Z"
  }
},
{
  "model": "agents.auditlog",
  "pk": 220,
  "fields": {
    "user": 2,
    "action": "LOGIN",
    "target_repr": "Système",
    "ip_address": "127.0.0.1",
    "timestamp": "2026-01-12T11:51:40.418Z"
  }
},
{
  "model": "agents.auditlog",
  "pk": 221,
  "fields": {
    "user": 4,
    "action": "LOGIN",
    "target_repr": "Système",
    "ip_address": "127.0.0.1",
    "timestamp": "2026-01-12T12:06:42.835Z"
  }
},
{
  "model": "agents.auditlog",
  "pk": 222,
  "fields": {
    "user": 4,
    "action": "LOGIN",
    "target_repr": "Système",
    "ip_address": "127.0.0.1",
    "timestamp": "2026-01-12T12:13:39.028Z"
  }
},
{
  "model": "agents.auditlog",
  "pk": 223,
  "fields": {
    "user": 7,
    "action": "LOGIN",
    "target_repr": "Système",
    "ip_address": "127.0.0.1",
    "timestamp": "2026-01-12T12:31:19.078Z"
  }
},
{
  "model": "agents.auditlog",
  "pk": 224,
  "fields": {
    "user": 6,
    "action": "LOGIN",
    "target_repr": "Système",
    "ip_address": "127.0.0.1",
    "timestamp": "2026-01-12T12:31:59.830Z"
  }
},
{
  "model": "agents.auditlog",
  "pk": 225,
  "fields": {
    "user": 6,
    "action": "LOGIN",
    "target_repr": "Système",
    "ip_address": "127.0.0.1",
    "timestamp": "2026-01-12T12:40:30.419Z"
  }
},
{
  "model": "agents.auditlog",
  "pk": 226,
  "fields": {
    "user": 3,
    "action": "LOGIN",
    "target_repr": "Système",
    "ip_address": "127.0.0.1",
    "timestamp": "2026-01-12T17:10:01.909Z"
  }
},
{
  "model": "agents.auditlog",
  "pk": 227,
  "fields": {
    "user": 3,
    "action": "CONTRIBUTION_SHARED",
    "target_repr": "Contribution 9 partagée vers ANR - Service extérieur",
    "ip_address": null,
    "timestamp": "2026-01-12T17:17:25.570Z"
  }
},
{
  "model": "agents.auditlog",
  "pk": 228,
  "fields": {
    "user": 3,
    "action": "LOGIN",
    "target_repr": "Système",
    "ip_address": "127.0.0.1",
    "timestamp": "2026-01-12T17:18:10.041Z"
  }
},
{
  "model": "agents.auditlog",
  "pk": 229,
  "fields": {
    "user": 6,
    "action": "LOGIN",
    "target_repr": "Système",
    "ip_address": "127.0.0.1",
    "timestamp": "2026-01-12T17:23:54.044Z"
  }
},
{
  "model": "agents.auditlog",
  "pk": 230,
  "fields": {
    "user": 6,
    "action": "CONTRIBUTION_SHARED",
    "target_repr": "Contribution 10 partagée vers DEMIAP",
    "ip_address": null,
    "timestamp": "2026-01-12T17:25:07.689Z"
  }
},
{
  "model": "agents.auditlog",
  "pk": 231,
  "fields": {
    "user": 6,
    "action": "LOGIN",
    "target_repr": "Système",
    "ip_address": "127.0.0.1",
    "timestamp": "2026-01-12T17:43:11.348Z"
  }
},
{
  "model": "agents.auditlog",
  "pk": 232,
  "fields": {
    "user": 1,
    "action": "LOGIN",
    "target_repr": "Système",
    "ip_address": "127.0.0.1",
    "timestamp": "2026-01-12T17:43:22.206Z"
  }
},
{
  "model": "agents.auditlog",
  "pk": 233,
  "fields": {
    "user": 6,
    "action": "LOGIN",
    "target_repr": "Système",
    "ip_address": "127.0.0.1",
    "timestamp": "2026-01-12T17:43:30.785Z"
  }
},
{
  "model": "agents.auditlog",
  "pk": 234,
  "fields": {
    "user": 2,
    "action": "LOGIN",
    "target_repr": "Système",
    "ip_address": "127.0.0.1",
    "timestamp": "2026-01-12T17:43:46.443Z"
  }
},
{
  "model": "agents.auditlog",
  "pk": 235,
  "fields": {
    "user": 6,
    "action": "LOGIN",
    "target_repr": "Système",
    "ip_address": "127.0.0.1",
    "timestamp": "2026-01-12T17:44:05.382Z"
  }
},
{
  "model": "agents.auditlog",
  "pk": 236,
  "fields": {
    "user": 6,
    "action": "AGENT_STATUS_CHANGE",
    "target_repr": "Agent dgm_test a démarré une patrouille.",
    "ip_address": null,
    "timestamp": "2026-01-12T17:52:53.842Z"
  }
},
{
  "model": "agents.auditlog",
  "pk": 237,
  "fields": {
    "user": 2,
    "action": "LOGIN",
    "target_repr": "Système",
    "ip_address": "127.0.0.1",
    "timestamp": "2026-01-12T17:53:43.127Z"
  }
},
{
  "model": "agents.auditlog",
  "pk": 238,
  "fields": {
    "user": 2,
    "action": "AGENT_STATUS_CHANGE",
    "target_repr": "Agent jlondja a démarré une patrouille.",
    "ip_address": null,
    "timestamp": "2026-01-12T17:54:14.995Z"
  }
},
{
  "model": "agents.auditlog",
  "pk": 239,
  "fields": {
    "user": 2,
    "action": "LOGIN",
    "target_repr": "Système",
    "ip_address": "127.0.0.1",
    "timestamp": "2026-01-12T17:56:43.029Z"
  }
},
{
  "model": "agents.auditlog",
  "pk": 240,
  "fields": {
    "user": 2,
    "action": "LOGIN",
    "target_repr": "Système",
    "ip_address": "127.0.0.1",
    "timestamp": "2026-01-12T18:03:20.727Z"
  }
},
{
  "model": "agents.auditlog",
  "pk": 241,
  "fields": {
    "user": 2,
    "action": "LOGIN",
    "target_repr": "Système",
    "ip_address": "127.0.0.1",
    "timestamp": "2026-01-12T18:10:25.548Z"
  }
},
{
  "model": "agents.auditlog",
  "pk": 242,
  "fields": {
    "user": 2,
    "action": "LOGIN",
    "target_repr": "Système",
    "ip_address": "127.0.0.1",
    "timestamp": "2026-01-12T18:14:54.232Z"
  }
},
{
  "model": "agents.auditlog",
  "pk": 243,
  "fields": {
    "user": 2,
    "action": "LOGIN",
    "target_repr": "Système",
    "ip_address": "127.0.0.1",
    "timestamp": "2026-01-12T18:30:50.131Z"
  }
},
{
  "model": "agents.auditlog",
  "pk": 244,
  "fields": {
    "user": 2,
    "action": "LOGIN",
    "target_repr": "Système",
    "ip_address": "127.0.0.1",
    "timestamp": "2026-01-12T18:44:32.474Z"
  }
},
{
  "model": "agents.auditlog",
  "pk": 245,
  "fields": {
    "user": 1,
    "action": "LOGIN",
    "target_repr": "Système",
    "ip_address": "127.0.0.1",
    "timestamp": "2026-01-12T19:07:30.536Z"
  }
},
{
  "model": "agents.auditlog",
  "pk": 246,
  "fields": {
    "user": 2,
    "action": "LOGIN",
    "target_repr": "Système",
    "ip_address": "127.0.0.1",
    "timestamp": "2026-01-12T19:08:50.822Z"
  }
},
{
  "model": "agents.auditlog",
  "pk": 247,
  "fields": {
    "user": 1,
    "action": "LOGIN",
    "target_repr": "Système",
    "ip_address": "127.0.0.1",
    "timestamp": "2026-01-12T19:13:36.365Z"
  }
},
{
  "model": "agents.auditlog",
  "pk": 248,
  "fields": {
    "user": 8,
    "action": "LOGIN",
    "target_repr": "Système",
    "ip_address": "127.0.0.1",
    "timestamp": "2026-01-12T20:00:58.506Z"
  }
},
{
  "model": "agents.auditlog",
  "pk": 249,
  "fields": {
    "user": 2,
    "action": "LOGIN",
    "target_repr": "Système",
    "ip_address": "127.0.0.1",
    "timestamp": "2026-01-12T20:03:45.790Z"
  }
},
{
  "model": "agents.auditlog",
  "pk": 250,
  "fields": {
    "user": 8,
    "action": "LOGIN",
    "target_repr": "Système",
    "ip_address": "127.0.0.1",
    "timestamp": "2026-01-12T20:10:00.410Z"
  }
},
{
  "model": "agents.auditlog",
  "pk": 251,
  "fields": {
    "user": 1,
    "action": "LOGIN",
    "target_repr": "Système",
    "ip_address": "127.0.0.1",
    "timestamp": "2026-01-12T20:11:07.636Z"
  }
},
{
  "model": "agents.auditlog",
  "pk": 252,
  "fields": {
    "user": 1,
    "action": "VIEW_PRESIDENCE_BRIEFING",
    "target_repr": "Présidence briefing",
    "ip_address": "127.0.0.1",
    "timestamp": "2026-01-12T20:11:07.694Z"
  }
},
{
  "model": "agents.auditlog",
  "pk": 253,
  "fields": {
    "user": 1,
    "action": "VIEW_RDC_MAP_STATUS",
    "target_repr": "Carte RDC sur briefing Présidence",
    "ip_address": "127.0.0.1",
    "timestamp": "2026-01-12T20:11:07.750Z"
  }
},
{
  "model": "agents.auditlog",
  "pk": 254,
  "fields": {
    "user": 1,
    "action": "SYSTEM_WEAK_SIGNALS",
    "target_repr": "Présidence: calcul signaux faibles (72h) - 5 résultats",
    "ip_address": null,
    "timestamp": "2026-01-12T20:11:07.768Z"
  }
},
{
  "model": "agents.auditlog",
  "pk": 255,
  "fields": {
    "user": 1,
    "action": "LOGIN",
    "target_repr": "Système",
    "ip_address": "127.0.0.1",
    "timestamp": "2026-01-12T20:11:17.354Z"
  }
},
{
  "model": "agents.auditlog",
  "pk": 256,
  "fields": {
    "user": 1,
    "action": "VIEW_PRESIDENCE_BRIEFING",
    "target_repr": "Présidence briefing",
    "ip_address": "127.0.0.1",
    "timestamp": "2026-01-12T20:11:17.402Z"
  }
},
{
  "model": "agents.auditlog",
  "pk": 257,
  "fields": {
    "user": 1,
    "action": "VIEW_RDC_MAP_STATUS",
    "target_repr": "Carte RDC sur briefing Présidence",
    "ip_address": "127.0.0.1",
    "timestamp": "2026-01-12T20:11:17.452Z"
  }
},
{
  "model": "agents.auditlog",
  "pk": 258,
  "fields": {
    "user": 1,
    "action": "SYSTEM_WEAK_SIGNALS",
    "target_repr": "Présidence: calcul signaux faibles (72h) - 5 résultats",
    "ip_address": null,
    "timestamp": "2026-01-12T20:11:17.469Z"
  }
},
{
  "model": "agents.auditlog",
  "pk": 259,
  "fields": {
    "user": 1,
    "action": "LOGIN",
    "target_repr": "Système",
    "ip_address": "127.0.0.1",
    "timestamp": "2026-01-12T20:11:48.697Z"
  }
},
{
  "model": "agents.auditlog",
  "pk": 260,
  "fields": {
    "user": 1,
    "action": "VIEW_PRESIDENCE_BRIEFING",
    "target_repr": "Présidence briefing",
    "ip_address": "127.0.0.1",
    "timestamp": "2026-01-12T20:11:48.741Z"
  }
},
{
  "model": "agents.auditlog",
  "pk": 261,
  "fields": {
    "user": 1,
    "action": "VIEW_RDC_MAP_STATUS",
    "target_repr": "Carte RDC sur briefing Présidence",
    "ip_address": "127.0.0.1",
    "timestamp": "2026-01-12T20:11:48.787Z"
  }
},
{
  "model": "agents.auditlog",
  "pk": 262,
  "fields": {
    "user": 1,
    "action": "SYSTEM_WEAK_SIGNALS",
    "target_repr": "Présidence: calcul signaux faibles (72h) - 5 résultats",
    "ip_address": null,
    "timestamp": "2026-01-12T20:11:48.811Z"
  }
},
{
  "model": "agents.auditlog",
  "pk": 263,
  "fields": {
    "user": 1,
    "action": "LOGIN",
    "target_repr": "Système",
    "ip_address": "127.0.0.1",
    "timestamp": "2026-01-12T20:13:33.949Z"
  }
},
{
  "model": "agents.auditlog",
  "pk": 264,
  "fields": {
    "user": 1,
    "action": "VIEW_PRESIDENCE_BRIEFING",
    "target_repr": "Présidence briefing",
    "ip_address": "127.0.0.1",
    "timestamp": "2026-01-12T20:13:34.021Z"
  }
},
{
  "model": "agents.auditlog",
  "pk": 265,
  "fields": {
    "user": 1,
    "action": "VIEW_RDC_MAP_STATUS",
    "target_repr": "Carte RDC sur briefing Présidence",
    "ip_address": "127.0.0.1",
    "timestamp": "2026-01-12T20:13:34.078Z"
  }
},
{
  "model": "agents.auditlog",
  "pk": 266,
  "fields": {
    "user": 1,
    "action": "SYSTEM_WEAK_SIGNALS",
    "target_repr": "Présidence: calcul signaux faibles (72h) - 5 résultats",
    "ip_address": null,
    "timestamp": "2026-01-12T20:13:34.096Z"
  }
},
{
  "model": "agents.auditlog",
  "pk": 267,
  "fields": {
    "user": 1,
    "action": "LOGIN",
    "target_repr": "Système",
    "ip_address": "127.0.0.1",
    "timestamp": "2026-01-12T20:22:12.981Z"
  }
},
{
  "model": "agents.auditlog",
  "pk": 268,
  "fields": {
    "user": 8,
    "action": "LOGIN",
    "target_repr": "Système",
    "ip_address": "127.0.0.1",
    "timestamp": "2026-01-12T20:22:28.515Z"
  }
},
{
  "model": "agents.auditlog",
  "pk": 269,
  "fields": {
    "user": 8,
    "action": "LOGIN",
    "target_repr": "Système",
    "ip_address": "127.0.0.1",
    "timestamp": "2026-01-12T20:28:08.989Z"
  }
},
{
  "model": "agents.auditlog",
  "pk": 270,
  "fields": {
    "user": 8,
    "action": "LOGIN",
    "target_repr": "Système",
    "ip_address": "127.0.0.1",
    "timestamp": "2026-01-12T20:29:57.068Z"
  }
},
{
  "model": "agents.auditlog",
  "pk": 271,
  "fields": {
    "user": 8,
    "action": "LOGIN",
    "target_repr": "Système",
    "ip_address": "127.0.0.1",
    "timestamp": "2026-01-12T20:37:15.133Z"
  }
},
{
  "model": "agents.auditlog",
  "pk": 272,
  "fields": {
    "user": 1,
    "action": "LOGIN",
    "target_repr": "Système",
    "ip_address": "127.0.0.1",
    "timestamp": "2026-01-12T20:39:27.440Z"
  }
},
{
  "model": "agents.auditlog",
  "pk": 273,
  "fields": {
    "user": 1,
    "action": "VIEW_PRESIDENCE_BRIEFING",
    "target_repr": "Présidence briefing",
    "ip_address": "127.0.0.1",
    "timestamp": "2026-01-12T20:39:30.380Z"
  }
},
{
  "model": "agents.auditlog",
  "pk": 274,
  "fields": {
    "user": 1,
    "action": "VIEW_RDC_MAP_STATUS",
    "target_repr": "Carte RDC sur briefing Présidence",
    "ip_address": "127.0.0.1",
    "timestamp": "2026-01-12T20:39:30.435Z"
  }
},
{
  "model": "agents.auditlog",
  "pk": 275,
  "fields": {
    "user": 1,
    "action": "SYSTEM_WEAK_SIGNALS",
    "target_repr": "Présidence: calcul signaux faibles (72h) - 5 résultats",
    "ip_address": null,
    "timestamp": "2026-01-12T20:39:30.453Z"
  }
},
{
  "model": "agents.auditlog",
  "pk": 276,
  "fields": {
    "user": 8,
    "action": "LOGIN",
    "target_repr": "Système",
    "ip_address": "127.0.0.1",
    "timestamp": "2026-01-12T20:49:36.827Z"
  }
},
{
  "model": "agents.auditlog",
  "pk": 277,
  "fields": {
    "user": 8,
    "action": "VIEW_PRESIDENCE_BRIEFING",
    "target_repr": "Présidence briefing",
    "ip_address": "127.0.0.1",
    "timestamp": "2026-01-12T21:06:08.807Z"
  }
},
{
  "model": "agents.auditlog",
  "pk": 278,
  "fields": {
    "user": 8,
    "action": "VIEW_RDC_MAP_STATUS",
    "target_repr": "Carte RDC sur briefing Présidence",
    "ip_address": "127.0.0.1",
    "timestamp": "2026-01-12T21:06:08.861Z"
  }
},
{
  "model": "agents.auditlog",
  "pk": 279,
  "fields": {
    "user": 8,
    "action": "SYSTEM_WEAK_SIGNALS",
    "target_repr": "Présidence: calcul signaux faibles (72h) - 5 résultats",
    "ip_address": null,
    "timestamp": "2026-01-12T21:06:08.878Z"
  }
},
{
  "model": "agents.auditlog",
  "pk": 280,
  "fields": {
    "user": 8,
    "action": "LOGIN",
    "target_repr": "Système",
    "ip_address": "127.0.0.1",
    "timestamp": "2026-01-12T21:26:04.825Z"
  }
},
{
  "model": "agents.auditlog",
  "pk": 281,
  "fields": {
    "user": 8,
    "action": "VIEW_PRESIDENCE_BRIEFING",
    "target_repr": "Présidence briefing",
    "ip_address": "127.0.0.1",
    "timestamp": "2026-01-12T21:26:09.684Z"
  }
},
{
  "model": "agents.auditlog",
  "pk": 282,
  "fields": {
    "user": 8,
    "action": "VIEW_RDC_MAP_STATUS",
    "target_repr": "Carte RDC sur briefing Présidence",
    "ip_address": "127.0.0.1",
    "timestamp": "2026-01-12T21:26:09.743Z"
  }
},
{
  "model": "agents.auditlog",
  "pk": 283,
  "fields": {
    "user": 8,
    "action": "SYSTEM_WEAK_SIGNALS",
    "target_repr": "Présidence: calcul signaux faibles (72h) - 5 résultats",
    "ip_address": null,
    "timestamp": "2026-01-12T21:26:09.760Z"
  }
},
{
  "model": "agents.auditlog",
  "pk": 284,
  "fields": {
    "user": 8,
    "action": "VIEW_PRESIDENCE_BRIEFING",
    "target_repr": "Présidence briefing",
    "ip_address": "127.0.0.1",
    "timestamp": "2026-01-12T21:52:48.222Z"
  }
},
{
  "model": "agents.auditlog",
  "pk": 285,
  "fields": {
    "user": 8,
    "action": "VIEW_RDC_MAP_STATUS",
    "target_repr": "Carte RDC sur briefing Présidence",
    "ip_address": "127.0.0.1",
    "timestamp": "2026-01-12T21:52:48.280Z"
  }
},
{
  "model": "agents.auditlog",
  "pk": 286,
  "fields": {
    "user": 8,
    "action": "SYSTEM_WEAK_SIGNALS",
    "target_repr": "Présidence: calcul signaux faibles (72h) - 5 résultats",
    "ip_address": null,
    "timestamp": "2026-01-12T21:52:48.297Z"
  }
},
{
  "model": "agents.auditlog",
  "pk": 287,
  "fields": {
    "user": 8,
    "action": "VIEW_PRESIDENCE_BRIEFING",
    "target_repr": "Présidence briefing",
    "ip_address": "127.0.0.1",
    "timestamp": "2026-01-12T21:53:06.640Z"
  }
},
{
  "model": "agents.auditlog",
  "pk": 288,
  "fields": {
    "user": 8,
    "action": "VIEW_RDC_MAP_STATUS",
    "target_repr": "Carte RDC sur briefing Présidence",
    "ip_address": "127.0.0.1",
    "timestamp": "2026-01-12T21:53:06.696Z"
  }
},
{
  "model": "agents.auditlog",
  "pk": 289,
  "fields": {
    "user": 8,
    "action": "SYSTEM_WEAK_SIGNALS",
    "target_repr": "Présidence: calcul signaux faibles (72h) - 5 résultats",
    "ip_address": null,
    "timestamp": "2026-01-12T21:53:06.719Z"
  }
},
{
  "model": "agents.auditlog",
  "pk": 290,
  "fields": {
    "user": 8,
    "action": "VIEW_PRESIDENCE_BRIEFING",
    "target_repr": "Présidence briefing",
    "ip_address": "127.0.0.1",
    "timestamp": "2026-01-12T21:55:40.006Z"
  }
},
{
  "model": "agents.auditlog",
  "pk": 291,
  "fields": {
    "user": 8,
    "action": "VIEW_RDC_MAP_STATUS",
    "target_repr": "Carte RDC sur briefing Présidence",
    "ip_address": "127.0.0.1",
    "timestamp": "2026-01-12T21:55:40.064Z"
  }
},
{
  "model": "agents.auditlog",
  "pk": 292,
  "fields": {
    "user": 8,
    "action": "SYSTEM_WEAK_SIGNALS",
    "target_repr": "Présidence: calcul signaux faibles (72h) - 5 résultats",
    "ip_address": null,
    "timestamp": "2026-01-12T21:55:40.081Z"
  }
},
{
  "model": "agents.auditlog",
  "pk": 293,
  "fields": {
    "user": 8,
    "action": "CNS_AVIS_CREATED",
    "target_repr": "Avis CNS: test (FAIBLE)",
    "ip_address": "127.0.0.1",
    "timestamp": "2026-01-13T08:22:49.247Z"
  }
},
{
  "model": "agents.auditlog",
  "pk": 294,
  "fields": {
    "user": 8,
    "action": "VIEW_PRESIDENCE_BRIEFING",
    "target_repr": "Présidence briefing",
    "ip_address": "127.0.0.1",
    "timestamp": "2026-01-13T08:22:55.699Z"
  }
},
{
  "model": "agents.auditlog",
  "pk": 295,
  "fields": {
    "user": 8,
    "action": "VIEW_RDC_MAP_STATUS",
    "target_repr": "Carte RDC sur briefing Présidence",
    "ip_address": "127.0.0.1",
    "timestamp": "2026-01-13T08:22:55.755Z"
  }
},
{
  "model": "agents.auditlog",
  "pk": 296,
  "fields": {
    "user": 8,
    "action": "SYSTEM_WEAK_SIGNALS",
    "target_repr": "Présidence: calcul signaux faibles (72h) - 5 résultats",
    "ip_address": null,
    "timestamp": "2026-01-13T08:22:55.772Z"
  }
},
{
  "model": "agents.auditlog",
  "pk": 297,
  "fields": {
    "user": 8,
    "action": "LOGIN",
    "target_repr": "Système",
    "ip_address": "127.0.0.1",
    "timestamp": "2026-01-13T08:43:07.677Z"
  }
},
{
  "model": "agents.auditlog",
  "pk": 298,
  "fields": {
    "user": 8,
    "action": "CNS_AVIS_CREATED",
    "target_repr": "Avis CNS: Test (MOYENNE)",
    "ip_address": "127.0.0.1",
    "timestamp": "2026-01-13T08:43:28.480Z"
  }
},
{
  "model": "agents.auditlog",
  "pk": 299,
  "fields": {
    "user": 8,
    "action": "TRANSMIT",
    "target_repr": "CNSAvis #3 - Test",
    "ip_address": "127.0.0.1",
    "timestamp": "2026-01-13T09:10:08.519Z"
  }
},
{
  "model": "agents.auditlog",
  "pk": 300,
  "fields": {
    "user": 1,
    "action": "LOGIN",
    "target_repr": "Système",
    "ip_address": "127.0.0.1",
    "timestamp": "2026-01-13T09:16:19.166Z"
  }
},
{
  "model": "agents.auditlog",
  "pk": 301,
  "fields": {
    "user": 1,
    "action": "VIEW_PRESIDENCE_BRIEFING",
    "target_repr": "Présidence briefing",
    "ip_address": "127.0.0.1",
    "timestamp": "2026-01-13T09:16:23.631Z"
  }
},
{
  "model": "agents.auditlog",
  "pk": 302,
  "fields": {
    "user": 1,
    "action": "VIEW_RDC_MAP_STATUS",
    "target_repr": "Carte RDC sur briefing Présidence",
    "ip_address": "127.0.0.1",
    "timestamp": "2026-01-13T09:16:23.688Z"
  }
},
{
  "model": "agents.auditlog",
  "pk": 303,
  "fields": {
    "user": 1,
    "action": "SYSTEM_WEAK_SIGNALS",
    "target_repr": "Présidence: calcul signaux faibles (72h) - 5 résultats",
    "ip_address": null,
    "timestamp": "2026-01-13T09:16:23.706Z"
  }
},
{
  "model": "agents.auditlog",
  "pk": 304,
  "fields": {
    "user": null,
    "action": "MIGRATE_STATUS",
    "target_repr": "CNSAvis status TRANSMITTED -> SENT (1)",
    "ip_address": null,
    "timestamp": "2026-01-13T09:32:47.523Z"
  }
},
{
  "model": "agents.auditlog",
  "pk": 305,
  "fields": {
    "user": 1,
    "action": "VIEW_PRESIDENCE_BRIEFING",
    "target_repr": "Présidence briefing",
    "ip_address": "127.0.0.1",
    "timestamp": "2026-01-13T09:33:02.822Z"
  }
},
{
  "model": "agents.auditlog",
  "pk": 306,
  "fields": {
    "user": 1,
    "action": "VIEW_RDC_MAP_STATUS",
    "target_repr": "Carte RDC sur briefing Présidence",
    "ip_address": "127.0.0.1",
    "timestamp": "2026-01-13T09:33:02.891Z"
  }
},
{
  "model": "agents.auditlog",
  "pk": 307,
  "fields": {
    "user": 1,
    "action": "SYSTEM_WEAK_SIGNALS",
    "target_repr": "Présidence: calcul signaux faibles (72h) - 5 résultats",
    "ip_address": null,
    "timestamp": "2026-01-13T09:33:02.913Z"
  }
},
{
  "model": "agents.auditlog",
  "pk": 308,
  "fields": {
    "user": 8,
    "action": "LOGIN",
    "target_repr": "Système",
    "ip_address": "127.0.0.1",
    "timestamp": "2026-01-13T09:33:20.114Z"
  }
},
{
  "model": "agents.auditlog",
  "pk": 309,
  "fields": {
    "user": 8,
    "action": "TRANSMIT",
    "target_repr": "CNSAvis #4 - Alerte rouge",
    "ip_address": "127.0.0.1",
    "timestamp": "2026-01-13T09:34:04.575Z"
  }
},
{
  "model": "agents.auditlog",
  "pk": 310,
  "fields": {
    "user": 1,
    "action": "LOGIN",
    "target_repr": "Système",
    "ip_address": "127.0.0.1",
    "timestamp": "2026-01-13T09:39:10.148Z"
  }
},
{
  "model": "agents.auditlog",
  "pk": 311,
  "fields": {
    "user": 1,
    "action": "VIEW_PRESIDENCE_BRIEFING",
    "target_repr": "Présidence briefing",
    "ip_address": "127.0.0.1",
    "timestamp": "2026-01-13T09:39:13.236Z"
  }
},
{
  "model": "agents.auditlog",
  "pk": 312,
  "fields": {
    "user": 1,
    "action": "VIEW_RDC_MAP_STATUS",
    "target_repr": "Carte RDC sur briefing Présidence",
    "ip_address": "127.0.0.1",
    "timestamp": "2026-01-13T09:39:13.289Z"
  }
},
{
  "model": "agents.auditlog",
  "pk": 313,
  "fields": {
    "user": 1,
    "action": "SYSTEM_WEAK_SIGNALS",
    "target_repr": "Présidence: calcul signaux faibles (72h) - 5 résultats",
    "ip_address": null,
    "timestamp": "2026-01-13T09:39:13.307Z"
  }
},
{
  "model": "agents.auditlog",
  "pk": 314,
  "fields": {
    "user": 1,
    "action": "VIEW_PRESIDENCE_BRIEFING",
    "target_repr": "Présidence briefing",
    "ip_address": "127.0.0.1",
    "timestamp": "2026-01-13T09:46:53.986Z"
  }
},
{
  "model": "agents.auditlog",
  "pk": 315,
  "fields": {
    "user": 1,
    "action": "VIEW_RDC_MAP_STATUS",
    "target_repr": "Carte RDC sur briefing Présidence",
    "ip_address": "127.0.0.1",
    "timestamp": "2026-01-13T09:46:54.062Z"
  }
},
{
  "model": "agents.auditlog",
  "pk": 316,
  "fields": {
    "user": 1,
    "action": "SYSTEM_WEAK_SIGNALS",
    "target_repr": "Présidence: calcul signaux faibles (72h) - 5 résultats",
    "ip_address": null,
    "timestamp": "2026-01-13T09:46:54.084Z"
  }
},
{
  "model": "agents.auditlog",
  "pk": 317,
  "fields": {
    "user": 8,
    "action": "LOGIN",
    "target_repr": "Système",
    "ip_address": "127.0.0.1",
    "timestamp": "2026-01-13T09:47:18.450Z"
  }
},
{
  "model": "agents.auditlog",
  "pk": 318,
  "fields": {
    "user": 1,
    "action": "LOGIN",
    "target_repr": "Système",
    "ip_address": "127.0.0.1",
    "timestamp": "2026-01-13T09:47:42.880Z"
  }
},
{
  "model": "agents.auditlog",
  "pk": 319,
  "fields": {
    "user": 1,
    "action": "VIEW_PRESIDENCE_BRIEFING",
    "target_repr": "Présidence briefing",
    "ip_address": "127.0.0.1",
    "timestamp": "2026-01-13T09:48:01.042Z"
  }
},
{
  "model": "agents.auditlog",
  "pk": 320,
  "fields": {
    "user": 1,
    "action": "VIEW_RDC_MAP_STATUS",
    "target_repr": "Carte RDC sur briefing Présidence",
    "ip_address": "127.0.0.1",
    "timestamp": "2026-01-13T09:48:01.093Z"
  }
},
{
  "model": "agents.auditlog",
  "pk": 321,
  "fields": {
    "user": 1,
    "action": "SYSTEM_WEAK_SIGNALS",
    "target_repr": "Présidence: calcul signaux faibles (72h) - 5 résultats",
    "ip_address": null,
    "timestamp": "2026-01-13T09:48:01.110Z"
  }
},
{
  "model": "agents.auditlog",
  "pk": 322,
  "fields": {
    "user": 8,
    "action": "LOGIN",
    "target_repr": "Système",
    "ip_address": "127.0.0.1",
    "timestamp": "2026-01-13T09:48:53.327Z"
  }
},
{
  "model": "agents.auditlog",
  "pk": 323,
  "fields": {
    "user": 1,
    "action": "LOGIN",
    "target_repr": "Système",
    "ip_address": "127.0.0.1",
    "timestamp": "2026-01-13T09:53:07.899Z"
  }
},
{
  "model": "agents.auditlog",
  "pk": 324,
  "fields": {
    "user": 1,
    "action": "VIEW_PRESIDENCE_BRIEFING",
    "target_repr": "Présidence briefing",
    "ip_address": "127.0.0.1",
    "timestamp": "2026-01-13T09:53:15.935Z"
  }
},
{
  "model": "agents.auditlog",
  "pk": 325,
  "fields": {
    "user": 1,
    "action": "VIEW_RDC_MAP_STATUS",
    "target_repr": "Carte RDC sur briefing Présidence",
    "ip_address": "127.0.0.1",
    "timestamp": "2026-01-13T09:53:15.990Z"
  }
},
{
  "model": "agents.auditlog",
  "pk": 326,
  "fields": {
    "user": 1,
    "action": "SYSTEM_WEAK_SIGNALS",
    "target_repr": "Présidence: calcul signaux faibles (72h) - 5 résultats",
    "ip_address": null,
    "timestamp": "2026-01-13T09:53:16.007Z"
  }
},
{
  "model": "agents.auditlog",
  "pk": 327,
  "fields": {
    "user": 1,
    "action": "VIEW_PRESIDENCE_BRIEFING",
    "target_repr": "Présidence briefing",
    "ip_address": "127.0.0.1",
    "timestamp": "2026-01-13T10:00:21.936Z"
  }
},
{
  "model": "agents.auditlog",
  "pk": 328,
  "fields": {
    "user": 1,
    "action": "VIEW_RDC_MAP_STATUS",
    "target_repr": "Carte RDC sur briefing Présidence",
    "ip_address": "127.0.0.1",
    "timestamp": "2026-01-13T10:00:22.014Z"
  }
},
{
  "model": "agents.auditlog",
  "pk": 329,
  "fields": {
    "user": 1,
    "action": "SYSTEM_WEAK_SIGNALS",
    "target_repr": "Présidence: calcul signaux faibles (72h) - 5 résultats",
    "ip_address": null,
    "timestamp": "2026-01-13T10:00:22.034Z"
  }
},
{
  "model": "agents.auditlog",
  "pk": 330,
  "fields": {
    "user": 1,
    "action": "READ",
    "target_repr": "CNSAvis #4 - Alerte rouge",
    "ip_address": "127.0.0.1",
    "timestamp": "2026-01-13T10:00:22.093Z"
  }
},
{
  "model": "agents.auditlog",
  "pk": 331,
  "fields": {
    "user": 1,
    "action": "READ",
    "target_repr": "CNSAvis #3 - Test",
    "ip_address": "127.0.0.1",
    "timestamp": "2026-01-13T10:00:22.105Z"
  }
},
{
  "model": "agents.auditlog",
  "pk": 332,
  "fields": {
    "user": 1,
    "action": "READ",
    "target_repr": "CNSAvis #2 - Test",
    "ip_address": "127.0.0.1",
    "timestamp": "2026-01-13T10:00:22.118Z"
  }
},
{
  "model": "agents.auditlog",
  "pk": 333,
  "fields": {
    "user": 1,
    "action": "READ",
    "target_repr": "CNSAvis #1 - test",
    "ip_address": "127.0.0.1",
    "timestamp": "2026-01-13T10:00:22.132Z"
  }
},
{
  "model": "agents.auditlog",
  "pk": 334,
  "fields": {
    "user": 1,
    "action": "VIEW_PRESIDENCE_BRIEFING",
    "target_repr": "Présidence briefing",
    "ip_address": "127.0.0.1",
    "timestamp": "2026-01-13T10:00:27.328Z"
  }
},
{
  "model": "agents.auditlog",
  "pk": 335,
  "fields": {
    "user": 1,
    "action": "VIEW_RDC_MAP_STATUS",
    "target_repr": "Carte RDC sur briefing Présidence",
    "ip_address": "127.0.0.1",
    "timestamp": "2026-01-13T10:00:27.396Z"
  }
},
{
  "model": "agents.auditlog",
  "pk": 336,
  "fields": {
    "user": 1,
    "action": "SYSTEM_WEAK_SIGNALS",
    "target_repr": "Présidence: calcul signaux faibles (72h) - 5 résultats",
    "ip_address": null,
    "timestamp": "2026-01-13T10:00:27.415Z"
  }
},
{
  "model": "agents.auditlog",
  "pk": 337,
  "fields": {
    "user": 1,
    "action": "VIEW_PRESIDENCE_BRIEFING",
    "target_repr": "Présidence briefing",
    "ip_address": "127.0.0.1",
    "timestamp": "2026-01-13T10:07:02.744Z"
  }
},
{
  "model": "agents.auditlog",
  "pk": 338,
  "fields": {
    "user": 1,
    "action": "VIEW_RDC_MAP_STATUS",
    "target_repr": "Carte RDC sur briefing Présidence",
    "ip_address": "127.0.0.1",
    "timestamp": "2026-01-13T10:07:02.812Z"
  }
},
{
  "model": "agents.auditlog",
  "pk": 339,
  "fields": {
    "user": 1,
    "action": "SYSTEM_WEAK_SIGNALS",
    "target_repr": "Présidence: calcul signaux faibles (72h) - 5 résultats",
    "ip_address": null,
    "timestamp": "2026-01-13T10:07:02.832Z"
  }
},
{
  "model": "agents.auditlog",
  "pk": 340,
  "fields": {
    "user": 1,
    "action": "VIEW_PRESIDENCE_BRIEFING",
    "target_repr": "Présidence briefing",
    "ip_address": "127.0.0.1",
    "timestamp": "2026-01-13T10:12:13.712Z"
  }
},
{
  "model": "agents.auditlog",
  "pk": 341,
  "fields": {
    "user": 1,
    "action": "VIEW_RDC_MAP_STATUS",
    "target_repr": "Carte RDC sur briefing Présidence",
    "ip_address": "127.0.0.1",
    "timestamp": "2026-01-13T10:12:13.778Z"
  }
},
{
  "model": "agents.auditlog",
  "pk": 342,
  "fields": {
    "user": 1,
    "action": "SYSTEM_WEAK_SIGNALS",
    "target_repr": "Présidence: calcul signaux faibles (72h) - 5 résultats",
    "ip_address": null,
    "timestamp": "2026-01-13T10:12:13.801Z"
  }
},
{
  "model": "agents.auditlog",
  "pk": 343,
  "fields": {
    "user": 1,
    "action": "VIEW_PRESIDENCE_BRIEFING",
    "target_repr": "Présidence briefing",
    "ip_address": "127.0.0.1",
    "timestamp": "2026-01-13T10:12:17.195Z"
  }
},
{
  "model": "agents.auditlog",
  "pk": 344,
  "fields": {
    "user": 1,
    "action": "VIEW_RDC_MAP_STATUS",
    "target_repr": "Carte RDC sur briefing Présidence",
    "ip_address": "127.0.0.1",
    "timestamp": "2026-01-13T10:12:17.271Z"
  }
},
{
  "model": "agents.auditlog",
  "pk": 345,
  "fields": {
    "user": 1,
    "action": "SYSTEM_WEAK_SIGNALS",
    "target_repr": "Présidence: calcul signaux faibles (72h) - 5 résultats",
    "ip_address": null,
    "timestamp": "2026-01-13T10:12:17.291Z"
  }
},
{
  "model": "agents.auditlog",
  "pk": 346,
  "fields": {
    "user": 1,
    "action": "LOGIN",
    "target_repr": "Système",
    "ip_address": "127.0.0.1",
    "timestamp": "2026-01-13T10:12:33.300Z"
  }
},
{
  "model": "agents.auditlog",
  "pk": 347,
  "fields": {
    "user": 1,
    "action": "VIEW_PRESIDENCE_BRIEFING",
    "target_repr": "Présidence briefing",
    "ip_address": "127.0.0.1",
    "timestamp": "2026-01-13T10:12:36.114Z"
  }
},
{
  "model": "agents.auditlog",
  "pk": 348,
  "fields": {
    "user": 1,
    "action": "VIEW_RDC_MAP_STATUS",
    "target_repr": "Carte RDC sur briefing Présidence",
    "ip_address": "127.0.0.1",
    "timestamp": "2026-01-13T10:12:36.166Z"
  }
},
{
  "model": "agents.auditlog",
  "pk": 349,
  "fields": {
    "user": 1,
    "action": "SYSTEM_WEAK_SIGNALS",
    "target_repr": "Présidence: calcul signaux faibles (72h) - 5 résultats",
    "ip_address": null,
    "timestamp": "2026-01-13T10:12:36.182Z"
  }
},
{
  "model": "agents.auditlog",
  "pk": 350,
  "fields": {
    "user": 1,
    "action": "VIEW_PRESIDENCE_BRIEFING",
    "target_repr": "Présidence briefing",
    "ip_address": "127.0.0.1",
    "timestamp": "2026-01-13T10:13:32.134Z"
  }
},
{
  "model": "agents.auditlog",
  "pk": 351,
  "fields": {
    "user": 1,
    "action": "VIEW_RDC_MAP_STATUS",
    "target_repr": "Carte RDC sur briefing Présidence",
    "ip_address": "127.0.0.1",
    "timestamp": "2026-01-13T10:13:32.203Z"
  }
},
{
  "model": "agents.auditlog",
  "pk": 352,
  "fields": {
    "user": 1,
    "action": "SYSTEM_WEAK_SIGNALS",
    "target_repr": "Présidence: calcul signaux faibles (72h) - 5 résultats",
    "ip_address": null,
    "timestamp": "2026-01-13T10:13:32.225Z"
  }
},
{
  "model": "agents.auditlog",
  "pk": 353,
  "fields": {
    "user": 1,
    "action": "LOGIN",
    "target_repr": "Système",
    "ip_address": "127.0.0.1",
    "timestamp": "2026-01-13T10:16:26.136Z"
  }
},
{
  "model": "agents.auditlog",
  "pk": 354,
  "fields": {
    "user": 1,
    "action": "VIEW_PRESIDENCE_BRIEFING",
    "target_repr": "Présidence briefing",
    "ip_address": "127.0.0.1",
    "timestamp": "2026-01-13T10:16:41.342Z"
  }
},
{
  "model": "agents.auditlog",
  "pk": 355,
  "fields": {
    "user": 1,
    "action": "VIEW_RDC_MAP_STATUS",
    "target_repr": "Carte RDC sur briefing Présidence",
    "ip_address": "127.0.0.1",
    "timestamp": "2026-01-13T10:16:41.401Z"
  }
},
{
  "model": "agents.auditlog",
  "pk": 356,
  "fields": {
    "user": 1,
    "action": "SYSTEM_WEAK_SIGNALS",
    "target_repr": "Présidence: calcul signaux faibles (72h) - 5 résultats",
    "ip_address": null,
    "timestamp": "2026-01-13T10:16:41.418Z"
  }
},
{
  "model": "agents.auditlog",
  "pk": 357,
  "fields": {
    "user": 1,
    "action": "VIEW_PRESIDENCE_BRIEFING",
    "target_repr": "Présidence briefing",
    "ip_address": "127.0.0.1",
    "timestamp": "2026-01-13T10:20:42.195Z"
  }
},
{
  "model": "agents.auditlog",
  "pk": 358,
  "fields": {
    "user": 1,
    "action": "VIEW_RDC_MAP_STATUS",
    "target_repr": "Carte RDC sur briefing Présidence",
    "ip_address": "127.0.0.1",
    "timestamp": "2026-01-13T10:20:42.261Z"
  }
},
{
  "model": "agents.auditlog",
  "pk": 359,
  "fields": {
    "user": 1,
    "action": "SYSTEM_WEAK_SIGNALS",
    "target_repr": "Présidence: calcul signaux faibles (72h) - 5 résultats",
    "ip_address": null,
    "timestamp": "2026-01-13T10:20:42.286Z"
  }
},
{
  "model": "agents.auditlog",
  "pk": 360,
  "fields": {
    "user": 1,
    "action": "VIEW_PRESIDENCE_BRIEFING",
    "target_repr": "Présidence briefing",
    "ip_address": "127.0.0.1",
    "timestamp": "2026-01-13T10:20:47.687Z"
  }
},
{
  "model": "agents.auditlog",
  "pk": 361,
  "fields": {
    "user": 1,
    "action": "VIEW_RDC_MAP_STATUS",
    "target_repr": "Carte RDC sur briefing Présidence",
    "ip_address": "127.0.0.1",
    "timestamp": "2026-01-13T10:20:47.759Z"
  }
},
{
  "model": "agents.auditlog",
  "pk": 362,
  "fields": {
    "user": 1,
    "action": "SYSTEM_WEAK_SIGNALS",
    "target_repr": "Présidence: calcul signaux faibles (72h) - 5 résultats",
    "ip_address": null,
    "timestamp": "2026-01-13T10:20:47.785Z"
  }
},
{
  "model": "agents.auditlog",
  "pk": 363,
  "fields": {
    "user": 1,
    "action": "VIEW_PRESIDENCE_BRIEFING",
    "target_repr": "Présidence briefing",
    "ip_address": "127.0.0.1",
    "timestamp": "2026-01-13T10:28:59.661Z"
  }
},
{
  "model": "agents.auditlog",
  "pk": 364,
  "fields": {
    "user": 1,
    "action": "VIEW_RDC_MAP_STATUS",
    "target_repr": "Carte RDC sur briefing Présidence",
    "ip_address": "127.0.0.1",
    "timestamp": "2026-01-13T10:28:59.728Z"
  }
},
{
  "model": "agents.auditlog",
  "pk": 365,
  "fields": {
    "user": 1,
    "action": "SYSTEM_WEAK_SIGNALS",
    "target_repr": "Présidence: calcul signaux faibles (72h) - 5 résultats",
    "ip_address": null,
    "timestamp": "2026-01-13T10:28:59.746Z"
  }
},
{
  "model": "agents.auditlog",
  "pk": 366,
  "fields": {
    "user": 1,
    "action": "VIEW_PRESIDENCE_BRIEFING",
    "target_repr": "Présidence briefing",
    "ip_address": "127.0.0.1",
    "timestamp": "2026-01-13T10:37:23.502Z"
  }
},
{
  "model": "agents.auditlog",
  "pk": 367,
  "fields": {
    "user": 1,
    "action": "VIEW_RDC_MAP_STATUS",
    "target_repr": "Carte RDC sur briefing Présidence",
    "ip_address": "127.0.0.1",
    "timestamp": "2026-01-13T10:37:23.565Z"
  }
},
{
  "model": "agents.auditlog",
  "pk": 368,
  "fields": {
    "user": 1,
    "action": "SYSTEM_WEAK_SIGNALS",
    "target_repr": "Présidence: calcul signaux faibles (72h) - 5 résultats",
    "ip_address": null,
    "timestamp": "2026-01-13T10:37:23.585Z"
  }
},
{
  "model": "agents.auditlog",
  "pk": 369,
  "fields": {
    "user": 1,
    "action": "VIEW_PRESIDENCE_BRIEFING",
    "target_repr": "Présidence briefing",
    "ip_address": "127.0.0.1",
    "timestamp": "2026-01-13T10:37:30.621Z"
  }
},
{
  "model": "agents.auditlog",
  "pk": 370,
  "fields": {
    "user": 1,
    "action": "VIEW_RDC_MAP_STATUS",
    "target_repr": "Carte RDC sur briefing Présidence",
    "ip_address": "127.0.0.1",
    "timestamp": "2026-01-13T10:37:30.689Z"
  }
},
{
  "model": "agents.auditlog",
  "pk": 371,
  "fields": {
    "user": 1,
    "action": "SYSTEM_WEAK_SIGNALS",
    "target_repr": "Présidence: calcul signaux faibles (72h) - 5 résultats",
    "ip_address": null,
    "timestamp": "2026-01-13T10:37:30.721Z"
  }
},
{
  "model": "agents.auditlog",
  "pk": 372,
  "fields": {
    "user": 1,
    "action": "VIEW_PRESIDENCE_BRIEFING",
    "target_repr": "Présidence briefing",
    "ip_address": "127.0.0.1",
    "timestamp": "2026-01-13T10:40:20.244Z"
  }
},
{
  "model": "agents.auditlog",
  "pk": 373,
  "fields": {
    "user": 1,
    "action": "VIEW_RDC_MAP_STATUS",
    "target_repr": "Carte RDC sur briefing Présidence",
    "ip_address": "127.0.0.1",
    "timestamp": "2026-01-13T10:40:20.317Z"
  }
},
{
  "model": "agents.auditlog",
  "pk": 374,
  "fields": {
    "user": 1,
    "action": "SYSTEM_WEAK_SIGNALS",
    "target_repr": "Présidence: calcul signaux faibles (72h) - 5 résultats",
    "ip_address": null,
    "timestamp": "2026-01-13T10:40:20.338Z"
  }
},
{
  "model": "agents.auditlog",
  "pk": 375,
  "fields": {
    "user": 1,
    "action": "VIEW_PRESIDENCE_BRIEFING",
    "target_repr": "Présidence briefing",
    "ip_address": "127.0.0.1",
    "timestamp": "2026-01-13T10:47:27.951Z"
  }
},
{
  "model": "agents.auditlog",
  "pk": 376,
  "fields": {
    "user": 1,
    "action": "VIEW_RDC_MAP_STATUS",
    "target_repr": "Carte RDC sur briefing Présidence",
    "ip_address": "127.0.0.1",
    "timestamp": "2026-01-13T10:47:28.026Z"
  }
},
{
  "model": "agents.auditlog",
  "pk": 377,
  "fields": {
    "user": 1,
    "action": "SYSTEM_WEAK_SIGNALS",
    "target_repr": "Présidence: calcul signaux faibles (72h) - 5 résultats",
    "ip_address": null,
    "timestamp": "2026-01-13T10:47:28.045Z"
  }
},
{
  "model": "agents.auditlog",
  "pk": 378,
  "fields": {
    "user": 1,
    "action": "LOGIN",
    "target_repr": "Système",
    "ip_address": "127.0.0.1",
    "timestamp": "2026-01-13T10:49:18.018Z"
  }
},
{
  "model": "agents.auditlog",
  "pk": 379,
  "fields": {
    "user": 1,
    "action": "VIEW_PRESIDENCE_BRIEFING",
    "target_repr": "Présidence briefing",
    "ip_address": "127.0.0.1",
    "timestamp": "2026-01-13T10:49:25.962Z"
  }
},
{
  "model": "agents.auditlog",
  "pk": 380,
  "fields": {
    "user": 1,
    "action": "VIEW_RDC_MAP_STATUS",
    "target_repr": "Carte RDC sur briefing Présidence",
    "ip_address": "127.0.0.1",
    "timestamp": "2026-01-13T10:49:26.014Z"
  }
},
{
  "model": "agents.auditlog",
  "pk": 381,
  "fields": {
    "user": 1,
    "action": "SYSTEM_WEAK_SIGNALS",
    "target_repr": "Présidence: calcul signaux faibles (72h) - 5 résultats",
    "ip_address": null,
    "timestamp": "2026-01-13T10:49:26.034Z"
  }
},
{
  "model": "agents.auditlog",
  "pk": 382,
  "fields": {
    "user": 1,
    "action": "LOGIN",
    "target_repr": "Système",
    "ip_address": "127.0.0.1",
    "timestamp": "2026-01-13T10:49:34.326Z"
  }
},
{
  "model": "agents.auditlog",
  "pk": 383,
  "fields": {
    "user": 1,
    "action": "VIEW_PRESIDENCE_BRIEFING",
    "target_repr": "Présidence briefing",
    "ip_address": "127.0.0.1",
    "timestamp": "2026-01-13T10:49:59.516Z"
  }
},
{
  "model": "agents.auditlog",
  "pk": 384,
  "fields": {
    "user": 1,
    "action": "VIEW_RDC_MAP_STATUS",
    "target_repr": "Carte RDC sur briefing Présidence",
    "ip_address": "127.0.0.1",
    "timestamp": "2026-01-13T10:49:59.567Z"
  }
},
{
  "model": "agents.auditlog",
  "pk": 385,
  "fields": {
    "user": 1,
    "action": "SYSTEM_WEAK_SIGNALS",
    "target_repr": "Présidence: calcul signaux faibles (72h) - 5 résultats",
    "ip_address": null,
    "timestamp": "2026-01-13T10:49:59.583Z"
  }
},
{
  "model": "agents.auditlog",
  "pk": 386,
  "fields": {
    "user": 1,
    "action": "VIEW_PRESIDENCE_BRIEFING",
    "target_repr": "Présidence briefing",
    "ip_address": "127.0.0.1",
    "timestamp": "2026-01-13T10:53:14.818Z"
  }
},
{
  "model": "agents.auditlog",
  "pk": 387,
  "fields": {
    "user": 1,
    "action": "VIEW_RDC_MAP_STATUS",
    "target_repr": "Carte RDC sur briefing Présidence",
    "ip_address": "127.0.0.1",
    "timestamp": "2026-01-13T10:53:14.887Z"
  }
},
{
  "model": "agents.auditlog",
  "pk": 388,
  "fields": {
    "user": 1,
    "action": "SYSTEM_WEAK_SIGNALS",
    "target_repr": "Présidence: calcul signaux faibles (72h) - 5 résultats",
    "ip_address": null,
    "timestamp": "2026-01-13T10:53:14.908Z"
  }
},
{
  "model": "agents.auditlog",
  "pk": 389,
  "fields": {
    "user": 1,
    "action": "VIEW_PRESIDENCE_BRIEFING",
    "target_repr": "Présidence briefing",
    "ip_address": "127.0.0.1",
    "timestamp": "2026-01-13T10:58:01.077Z"
  }
},
{
  "model": "agents.auditlog",
  "pk": 390,
  "fields": {
    "user": 1,
    "action": "VIEW_RDC_MAP_STATUS",
    "target_repr": "Carte RDC sur briefing Présidence",
    "ip_address": "127.0.0.1",
    "timestamp": "2026-01-13T10:58:01.155Z"
  }
},
{
  "model": "agents.auditlog",
  "pk": 391,
  "fields": {
    "user": 1,
    "action": "SYSTEM_WEAK_SIGNALS",
    "target_repr": "Présidence: calcul signaux faibles (72h) - 5 résultats",
    "ip_address": null,
    "timestamp": "2026-01-13T10:58:01.177Z"
  }
},
{
  "model": "agents.auditlog",
  "pk": 392,
  "fields": {
    "user": 1,
    "action": "VIEW_PRESIDENCE_BRIEFING",
    "target_repr": "Présidence briefing",
    "ip_address": "127.0.0.1",
    "timestamp": "2026-01-13T11:13:20.772Z"
  }
},
{
  "model": "agents.auditlog",
  "pk": 393,
  "fields": {
    "user": 1,
    "action": "VIEW_RDC_MAP_STATUS",
    "target_repr": "Carte RDC sur briefing Présidence",
    "ip_address": "127.0.0.1",
    "timestamp": "2026-01-13T11:13:20.852Z"
  }
},
{
  "model": "agents.auditlog",
  "pk": 394,
  "fields": {
    "user": 1,
    "action": "SYSTEM_WEAK_SIGNALS",
    "target_repr": "Présidence: calcul signaux faibles (72h) - 5 résultats",
    "ip_address": null,
    "timestamp": "2026-01-13T11:13:20.874Z"
  }
},
{
  "model": "agents.auditlog",
  "pk": 395,
  "fields": {
    "user": 1,
    "action": "VIEW_PRESIDENCE_BRIEFING",
    "target_repr": "Présidence briefing",
    "ip_address": "127.0.0.1",
    "timestamp": "2026-01-13T11:26:08.180Z"
  }
},
{
  "model": "agents.auditlog",
  "pk": 396,
  "fields": {
    "user": 1,
    "action": "VIEW_RDC_MAP_STATUS",
    "target_repr": "Carte RDC sur briefing Présidence",
    "ip_address": "127.0.0.1",
    "timestamp": "2026-01-13T11:26:08.264Z"
  }
},
{
  "model": "agents.auditlog",
  "pk": 397,
  "fields": {
    "user": 1,
    "action": "SYSTEM_WEAK_SIGNALS",
    "target_repr": "Présidence: calcul signaux faibles (72h) - 5 résultats",
    "ip_address": null,
    "timestamp": "2026-01-13T11:26:08.285Z"
  }
},
{
  "model": "agents.auditlog",
  "pk": 398,
  "fields": {
    "user": 1,
    "action": "VIEW_PRESIDENCE_BRIEFING",
    "target_repr": "Présidence briefing",
    "ip_address": "127.0.0.1",
    "timestamp": "2026-01-13T11:28:33.081Z"
  }
},
{
  "model": "agents.auditlog",
  "pk": 399,
  "fields": {
    "user": 1,
    "action": "VIEW_RDC_MAP_STATUS",
    "target_repr": "Carte RDC sur briefing Présidence",
    "ip_address": "127.0.0.1",
    "timestamp": "2026-01-13T11:28:33.155Z"
  }
},
{
  "model": "agents.auditlog",
  "pk": 400,
  "fields": {
    "user": 1,
    "action": "SYSTEM_WEAK_SIGNALS",
    "target_repr": "Présidence: calcul signaux faibles (72h) - 5 résultats",
    "ip_address": null,
    "timestamp": "2026-01-13T11:28:33.180Z"
  }
},
{
  "model": "agents.auditlog",
  "pk": 401,
  "fields": {
    "user": 1,
    "action": "VIEW_PRESIDENCE_BRIEFING",
    "target_repr": "Présidence briefing",
    "ip_address": "127.0.0.1",
    "timestamp": "2026-01-13T11:32:40.731Z"
  }
},
{
  "model": "agents.auditlog",
  "pk": 402,
  "fields": {
    "user": 1,
    "action": "VIEW_RDC_MAP_STATUS",
    "target_repr": "Carte RDC sur briefing Présidence",
    "ip_address": "127.0.0.1",
    "timestamp": "2026-01-13T11:32:40.819Z"
  }
},
{
  "model": "agents.auditlog",
  "pk": 403,
  "fields": {
    "user": 1,
    "action": "SYSTEM_WEAK_SIGNALS",
    "target_repr": "Présidence: calcul signaux faibles (72h) - 5 résultats",
    "ip_address": null,
    "timestamp": "2026-01-13T11:32:40.843Z"
  }
},
{
  "model": "agents.auditlog",
  "pk": 404,
  "fields": {
    "user": 1,
    "action": "VIEW_PRESIDENCE_BRIEFING",
    "target_repr": "Présidence briefing",
    "ip_address": "127.0.0.1",
    "timestamp": "2026-01-13T11:33:27.083Z"
  }
},
{
  "model": "agents.auditlog",
  "pk": 405,
  "fields": {
    "user": 1,
    "action": "VIEW_RDC_MAP_STATUS",
    "target_repr": "Carte RDC sur briefing Présidence",
    "ip_address": "127.0.0.1",
    "timestamp": "2026-01-13T11:33:27.163Z"
  }
},
{
  "model": "agents.auditlog",
  "pk": 406,
  "fields": {
    "user": 1,
    "action": "SYSTEM_WEAK_SIGNALS",
    "target_repr": "Présidence: calcul signaux faibles (72h) - 5 résultats",
    "ip_address": null,
    "timestamp": "2026-01-13T11:33:27.186Z"
  }
},
{
  "model": "agents.auditlog",
  "pk": 407,
  "fields": {
    "user": 1,
    "action": "VIEW_PRESIDENCE_BRIEFING",
    "target_repr": "Présidence briefing",
    "ip_address": "127.0.0.1",
    "timestamp": "2026-01-13T11:33:34.383Z"
  }
},
{
  "model": "agents.auditlog",
  "pk": 408,
  "fields": {
    "user": 1,
    "action": "VIEW_RDC_MAP_STATUS",
    "target_repr": "Carte RDC sur briefing Présidence",
    "ip_address": "127.0.0.1",
    "timestamp": "2026-01-13T11:33:34.461Z"
  }
},
{
  "model": "agents.auditlog",
  "pk": 409,
  "fields": {
    "user": 1,
    "action": "SYSTEM_WEAK_SIGNALS",
    "target_repr": "Présidence: calcul signaux faibles (72h) - 5 résultats",
    "ip_address": null,
    "timestamp": "2026-01-13T11:33:34.482Z"
  }
},
{
  "model": "agents.auditlog",
  "pk": 410,
  "fields": {
    "user": 1,
    "action": "LOGIN",
    "target_repr": "Système",
    "ip_address": "127.0.0.1",
    "timestamp": "2026-01-13T11:33:43.573Z"
  }
},
{
  "model": "agents.auditlog",
  "pk": 411,
  "fields": {
    "user": 1,
    "action": "VIEW_PRESIDENCE_BRIEFING",
    "target_repr": "Présidence briefing",
    "ip_address": "127.0.0.1",
    "timestamp": "2026-01-13T11:33:51.413Z"
  }
},
{
  "model": "agents.auditlog",
  "pk": 412,
  "fields": {
    "user": 1,
    "action": "VIEW_RDC_MAP_STATUS",
    "target_repr": "Carte RDC sur briefing Présidence",
    "ip_address": "127.0.0.1",
    "timestamp": "2026-01-13T11:33:51.463Z"
  }
},
{
  "model": "agents.auditlog",
  "pk": 413,
  "fields": {
    "user": 1,
    "action": "SYSTEM_WEAK_SIGNALS",
    "target_repr": "Présidence: calcul signaux faibles (72h) - 5 résultats",
    "ip_address": null,
    "timestamp": "2026-01-13T11:33:51.481Z"
  }
},
{
  "model": "agents.auditlog",
  "pk": 414,
  "fields": {
    "user": 1,
    "action": "VIEW_PRESIDENCE_BRIEFING",
    "target_repr": "Présidence briefing",
    "ip_address": "127.0.0.1",
    "timestamp": "2026-01-13T11:55:25.993Z"
  }
},
{
  "model": "agents.auditlog",
  "pk": 415,
  "fields": {
    "user": 1,
    "action": "VIEW_RDC_MAP_STATUS",
    "target_repr": "Carte RDC sur briefing Présidence",
    "ip_address": "127.0.0.1",
    "timestamp": "2026-01-13T11:55:26.074Z"
  }
},
{
  "model": "agents.auditlog",
  "pk": 416,
  "fields": {
    "user": 1,
    "action": "SYSTEM_WEAK_SIGNALS",
    "target_repr": "Présidence: calcul signaux faibles (72h) - 5 résultats",
    "ip_address": null,
    "timestamp": "2026-01-13T11:55:26.101Z"
  }
},
{
  "model": "agents.auditlog",
  "pk": 417,
  "fields": {
    "user": 1,
    "action": "VIEW_PRESIDENCE_BRIEFING",
    "target_repr": "Présidence briefing",
    "ip_address": "127.0.0.1",
    "timestamp": "2026-01-13T12:00:18.064Z"
  }
},
{
  "model": "agents.auditlog",
  "pk": 418,
  "fields": {
    "user": 1,
    "action": "VIEW_RDC_MAP_STATUS",
    "target_repr": "Carte RDC sur briefing Présidence",
    "ip_address": "127.0.0.1",
    "timestamp": "2026-01-13T12:00:18.126Z"
  }
},
{
  "model": "agents.auditlog",
  "pk": 419,
  "fields": {
    "user": 1,
    "action": "SYSTEM_WEAK_SIGNALS",
    "target_repr": "Présidence: calcul signaux faibles (72h) - 5 résultats",
    "ip_address": null,
    "timestamp": "2026-01-13T12:00:18.148Z"
  }
},
{
  "model": "agents.auditlog",
  "pk": 420,
  "fields": {
    "user": 1,
    "action": "VIEW_PRESIDENCE_BRIEFING",
    "target_repr": "Présidence briefing",
    "ip_address": "127.0.0.1",
    "timestamp": "2026-01-13T12:05:57.208Z"
  }
},
{
  "model": "agents.auditlog",
  "pk": 421,
  "fields": {
    "user": 1,
    "action": "VIEW_RDC_MAP_STATUS",
    "target_repr": "Carte RDC sur briefing Présidence",
    "ip_address": "127.0.0.1",
    "timestamp": "2026-01-13T12:05:57.294Z"
  }
},
{
  "model": "agents.auditlog",
  "pk": 422,
  "fields": {
    "user": 1,
    "action": "SYSTEM_WEAK_SIGNALS",
    "target_repr": "Présidence: calcul signaux faibles (72h) - 5 résultats",
    "ip_address": null,
    "timestamp": "2026-01-13T12:05:57.322Z"
  }
},
{
  "model": "agents.auditlog",
  "pk": 423,
  "fields": {
    "user": 1,
    "action": "VIEW_PRESIDENCE_BRIEFING",
    "target_repr": "Présidence briefing",
    "ip_address": "127.0.0.1",
    "timestamp": "2026-01-13T18:59:35.405Z"
  }
},
{
  "model": "agents.auditlog",
  "pk": 424,
  "fields": {
    "user": 1,
    "action": "VIEW_RDC_MAP_STATUS",
    "target_repr": "Carte RDC sur briefing Présidence",
    "ip_address": "127.0.0.1",
    "timestamp": "2026-01-13T18:59:35.499Z"
  }
},
{
  "model": "agents.auditlog",
  "pk": 425,
  "fields": {
    "user": 1,
    "action": "SYSTEM_WEAK_SIGNALS",
    "target_repr": "Présidence: calcul signaux faibles (72h) - 5 résultats",
    "ip_address": null,
    "timestamp": "2026-01-13T18:59:35.629Z"
  }
},
{
  "model": "agents.auditlog",
  "pk": 426,
  "fields": {
    "user": 1,
    "action": "VIEW_PRESIDENCE_BRIEFING",
    "target_repr": "Présidence briefing",
    "ip_address": "127.0.0.1",
    "timestamp": "2026-01-13T19:07:48.684Z"
  }
},
{
  "model": "agents.auditlog",
  "pk": 427,
  "fields": {
    "user": 1,
    "action": "VIEW_RDC_MAP_STATUS",
    "target_repr": "Carte RDC sur briefing Présidence",
    "ip_address": "127.0.0.1",
    "timestamp": "2026-01-13T19:07:48.754Z"
  }
},
{
  "model": "agents.auditlog",
  "pk": 428,
  "fields": {
    "user": 1,
    "action": "SYSTEM_WEAK_SIGNALS",
    "target_repr": "Présidence: calcul signaux faibles (72h) - 5 résultats",
    "ip_address": null,
    "timestamp": "2026-01-13T19:07:48.902Z"
  }
},
{
  "model": "agents.auditlog",
  "pk": 429,
  "fields": {
    "user": 1,
    "action": "VIEW_PRESIDENCE_BRIEFING",
    "target_repr": "Présidence briefing",
    "ip_address": "127.0.0.1",
    "timestamp": "2026-01-13T19:11:08.994Z"
  }
},
{
  "model": "agents.auditlog",
  "pk": 430,
  "fields": {
    "user": 1,
    "action": "VIEW_RDC_MAP_STATUS",
    "target_repr": "Carte RDC sur briefing Présidence",
    "ip_address": "127.0.0.1",
    "timestamp": "2026-01-13T19:11:09.076Z"
  }
},
{
  "model": "agents.auditlog",
  "pk": 431,
  "fields": {
    "user": 1,
    "action": "SYSTEM_WEAK_SIGNALS",
    "target_repr": "Présidence: calcul signaux faibles (72h) - 5 résultats",
    "ip_address": null,
    "timestamp": "2026-01-13T19:11:09.227Z"
  }
},
{
  "model": "agents.auditlog",
  "pk": 432,
  "fields": {
    "user": 1,
    "action": "VIEW_PRESIDENCE_BRIEFING",
    "target_repr": "Présidence briefing",
    "ip_address": "127.0.0.1",
    "timestamp": "2026-01-13T19:19:29.631Z"
  }
},
{
  "model": "agents.auditlog",
  "pk": 433,
  "fields": {
    "user": 1,
    "action": "VIEW_RDC_MAP_STATUS",
    "target_repr": "Carte RDC sur briefing Présidence",
    "ip_address": "127.0.0.1",
    "timestamp": "2026-01-13T19:19:29.697Z"
  }
},
{
  "model": "agents.auditlog",
  "pk": 434,
  "fields": {
    "user": 1,
    "action": "SYSTEM_WEAK_SIGNALS",
    "target_repr": "Présidence: calcul signaux faibles (72h) - 5 résultats",
    "ip_address": null,
    "timestamp": "2026-01-13T19:19:29.847Z"
  }
},
{
  "model": "agents.auditlog",
  "pk": 435,
  "fields": {
    "user": 1,
    "action": "VIEW_PRESIDENCE_BRIEFING",
    "target_repr": "Présidence briefing",
    "ip_address": "127.0.0.1",
    "timestamp": "2026-01-13T19:19:36.338Z"
  }
},
{
  "model": "agents.auditlog",
  "pk": 436,
  "fields": {
    "user": 1,
    "action": "VIEW_RDC_MAP_STATUS",
    "target_repr": "Carte RDC sur briefing Présidence",
    "ip_address": "127.0.0.1",
    "timestamp": "2026-01-13T19:19:36.411Z"
  }
},
{
  "model": "agents.auditlog",
  "pk": 437,
  "fields": {
    "user": 1,
    "action": "SYSTEM_WEAK_SIGNALS",
    "target_repr": "Présidence: calcul signaux faibles (72h) - 5 résultats",
    "ip_address": null,
    "timestamp": "2026-01-13T19:19:36.547Z"
  }
},
{
  "model": "agents.auditlog",
  "pk": 438,
  "fields": {
    "user": 1,
    "action": "VIEW_PRESIDENCE_BRIEFING",
    "target_repr": "Présidence briefing",
    "ip_address": "127.0.0.1",
    "timestamp": "2026-01-13T19:22:13.643Z"
  }
},
{
  "model": "agents.auditlog",
  "pk": 439,
  "fields": {
    "user": 1,
    "action": "VIEW_RDC_MAP_STATUS",
    "target_repr": "Carte RDC sur briefing Présidence",
    "ip_address": "127.0.0.1",
    "timestamp": "2026-01-13T19:22:13.721Z"
  }
},
{
  "model": "agents.auditlog",
  "pk": 440,
  "fields": {
    "user": 1,
    "action": "SYSTEM_WEAK_SIGNALS",
    "target_repr": "Présidence: calcul signaux faibles (72h) - 5 résultats",
    "ip_address": null,
    "timestamp": "2026-01-13T19:22:13.888Z"
  }
},
{
  "model": "agents.auditlog",
  "pk": 441,
  "fields": {
    "user": 1,
    "action": "VIEW_PRESIDENCE_BRIEFING",
    "target_repr": "Présidence briefing",
    "ip_address": "127.0.0.1",
    "timestamp": "2026-01-13T19:22:23.841Z"
  }
},
{
  "model": "agents.auditlog",
  "pk": 442,
  "fields": {
    "user": 1,
    "action": "VIEW_RDC_MAP_STATUS",
    "target_repr": "Carte RDC sur briefing Présidence",
    "ip_address": "127.0.0.1",
    "timestamp": "2026-01-13T19:22:23.938Z"
  }
},
{
  "model": "agents.auditlog",
  "pk": 443,
  "fields": {
    "user": 1,
    "action": "SYSTEM_WEAK_SIGNALS",
    "target_repr": "Présidence: calcul signaux faibles (72h) - 5 résultats",
    "ip_address": null,
    "timestamp": "2026-01-13T19:22:24.086Z"
  }
},
{
  "model": "agents.auditlog",
  "pk": 444,
  "fields": {
    "user": 1,
    "action": "VIEW_PRESIDENCE_BRIEFING",
    "target_repr": "Présidence briefing",
    "ip_address": "127.0.0.1",
    "timestamp": "2026-01-13T19:22:25.248Z"
  }
},
{
  "model": "agents.auditlog",
  "pk": 445,
  "fields": {
    "user": 1,
    "action": "VIEW_RDC_MAP_STATUS",
    "target_repr": "Carte RDC sur briefing Présidence",
    "ip_address": "127.0.0.1",
    "timestamp": "2026-01-13T19:22:25.323Z"
  }
},
{
  "model": "agents.auditlog",
  "pk": 446,
  "fields": {
    "user": 1,
    "action": "SYSTEM_WEAK_SIGNALS",
    "target_repr": "Présidence: calcul signaux faibles (72h) - 5 résultats",
    "ip_address": null,
    "timestamp": "2026-01-13T19:22:25.460Z"
  }
},
{
  "model": "agents.auditlog",
  "pk": 447,
  "fields": {
    "user": 1,
    "action": "VIEW_PRESIDENCE_BRIEFING",
    "target_repr": "Présidence briefing",
    "ip_address": "127.0.0.1",
    "timestamp": "2026-01-13T19:22:26.248Z"
  }
},
{
  "model": "agents.auditlog",
  "pk": 448,
  "fields": {
    "user": 1,
    "action": "VIEW_RDC_MAP_STATUS",
    "target_repr": "Carte RDC sur briefing Présidence",
    "ip_address": "127.0.0.1",
    "timestamp": "2026-01-13T19:22:26.317Z"
  }
},
{
  "model": "agents.auditlog",
  "pk": 449,
  "fields": {
    "user": 1,
    "action": "SYSTEM_WEAK_SIGNALS",
    "target_repr": "Présidence: calcul signaux faibles (72h) - 5 résultats",
    "ip_address": null,
    "timestamp": "2026-01-13T19:22:26.445Z"
  }
},
{
  "model": "agents.auditlog",
  "pk": 450,
  "fields": {
    "user": 1,
    "action": "VIEW_PRESIDENCE_BRIEFING",
    "target_repr": "Présidence briefing",
    "ip_address": "127.0.0.1",
    "timestamp": "2026-01-13T19:26:38.714Z"
  }
},
{
  "model": "agents.auditlog",
  "pk": 451,
  "fields": {
    "user": 1,
    "action": "VIEW_RDC_MAP_STATUS",
    "target_repr": "Carte RDC sur briefing Présidence",
    "ip_address": "127.0.0.1",
    "timestamp": "2026-01-13T19:26:38.801Z"
  }
},
{
  "model": "agents.auditlog",
  "pk": 452,
  "fields": {
    "user": 1,
    "action": "SYSTEM_WEAK_SIGNALS",
    "target_repr": "Présidence: calcul signaux faibles (72h) - 5 résultats",
    "ip_address": null,
    "timestamp": "2026-01-13T19:26:38.962Z"
  }
},
{
  "model": "agents.auditlog",
  "pk": 453,
  "fields": {
    "user": 1,
    "action": "VIEW_PRESIDENCE_BRIEFING",
    "target_repr": "Présidence briefing",
    "ip_address": "127.0.0.1",
    "timestamp": "2026-01-13T19:29:15.166Z"
  }
},
{
  "model": "agents.auditlog",
  "pk": 454,
  "fields": {
    "user": 1,
    "action": "VIEW_RDC_MAP_STATUS",
    "target_repr": "Carte RDC sur briefing Présidence",
    "ip_address": "127.0.0.1",
    "timestamp": "2026-01-13T19:29:15.248Z"
  }
},
{
  "model": "agents.auditlog",
  "pk": 455,
  "fields": {
    "user": 1,
    "action": "SYSTEM_WEAK_SIGNALS",
    "target_repr": "Présidence: calcul signaux faibles (72h) - 5 résultats",
    "ip_address": null,
    "timestamp": "2026-01-13T19:29:15.402Z"
  }
},
{
  "model": "agents.auditlog",
  "pk": 456,
  "fields": {
    "user": 1,
    "action": "LOGIN",
    "target_repr": "Système",
    "ip_address": "127.0.0.1",
    "timestamp": "2026-01-13T19:30:46.361Z"
  }
},
{
  "model": "agents.auditlog",
  "pk": 457,
  "fields": {
    "user": 1,
    "action": "VIEW_PRESIDENCE_BRIEFING",
    "target_repr": "Présidence briefing",
    "ip_address": "127.0.0.1",
    "timestamp": "2026-01-13T19:30:51.104Z"
  }
},
{
  "model": "agents.auditlog",
  "pk": 458,
  "fields": {
    "user": 1,
    "action": "VIEW_RDC_MAP_STATUS",
    "target_repr": "Carte RDC sur briefing Présidence",
    "ip_address": "127.0.0.1",
    "timestamp": "2026-01-13T19:30:51.154Z"
  }
},
{
  "model": "agents.auditlog",
  "pk": 459,
  "fields": {
    "user": 1,
    "action": "SYSTEM_WEAK_SIGNALS",
    "target_repr": "Présidence: calcul signaux faibles (72h) - 5 résultats",
    "ip_address": null,
    "timestamp": "2026-01-13T19:30:51.251Z"
  }
},
{
  "model": "agents.auditlog",
  "pk": 460,
  "fields": {
    "user": 1,
    "action": "VIEW_PRESIDENCE_BRIEFING",
    "target_repr": "Présidence briefing",
    "ip_address": "127.0.0.1",
    "timestamp": "2026-01-13T19:39:55.391Z"
  }
},
{
  "model": "agents.auditlog",
  "pk": 461,
  "fields": {
    "user": 1,
    "action": "VIEW_RDC_MAP_STATUS",
    "target_repr": "Carte RDC sur briefing Présidence",
    "ip_address": "127.0.0.1",
    "timestamp": "2026-01-13T19:39:55.467Z"
  }
},
{
  "model": "agents.auditlog",
  "pk": 462,
  "fields": {
    "user": 1,
    "action": "SYSTEM_WEAK_SIGNALS",
    "target_repr": "Présidence: calcul signaux faibles (72h) - 5 résultats",
    "ip_address": null,
    "timestamp": "2026-01-13T19:39:55.614Z"
  }
},
{
  "model": "agents.auditlog",
  "pk": 463,
  "fields": {
    "user": 1,
    "action": "VIEW_PRESIDENCE_BRIEFING",
    "target_repr": "Présidence briefing",
    "ip_address": "127.0.0.1",
    "timestamp": "2026-01-13T19:40:33.636Z"
  }
},
{
  "model": "agents.auditlog",
  "pk": 464,
  "fields": {
    "user": 1,
    "action": "VIEW_RDC_MAP_STATUS",
    "target_repr": "Carte RDC sur briefing Présidence",
    "ip_address": "127.0.0.1",
    "timestamp": "2026-01-13T19:40:33.726Z"
  }
},
{
  "model": "agents.auditlog",
  "pk": 465,
  "fields": {
    "user": 1,
    "action": "SYSTEM_WEAK_SIGNALS",
    "target_repr": "Présidence: calcul signaux faibles (72h) - 5 résultats",
    "ip_address": null,
    "timestamp": "2026-01-13T19:40:33.864Z"
  }
},
{
  "model": "agents.auditlog",
  "pk": 466,
  "fields": {
    "user": 1,
    "action": "VIEW_PRESIDENCE_BRIEFING",
    "target_repr": "Présidence briefing",
    "ip_address": "127.0.0.1",
    "timestamp": "2026-01-13T19:43:30.338Z"
  }
},
{
  "model": "agents.auditlog",
  "pk": 467,
  "fields": {
    "user": 1,
    "action": "VIEW_RDC_MAP_STATUS",
    "target_repr": "Carte RDC sur briefing Présidence",
    "ip_address": "127.0.0.1",
    "timestamp": "2026-01-13T19:43:30.405Z"
  }
},
{
  "model": "agents.auditlog",
  "pk": 468,
  "fields": {
    "user": 1,
    "action": "SYSTEM_WEAK_SIGNALS",
    "target_repr": "Présidence: calcul signaux faibles (72h) - 5 résultats",
    "ip_address": null,
    "timestamp": "2026-01-13T19:43:30.538Z"
  }
},
{
  "model": "agents.auditlog",
  "pk": 469,
  "fields": {
    "user": 1,
    "action": "VIEW_PRESIDENCE_BRIEFING",
    "target_repr": "Présidence briefing",
    "ip_address": "127.0.0.1",
    "timestamp": "2026-01-13T19:44:01.657Z"
  }
},
{
  "model": "agents.auditlog",
  "pk": 470,
  "fields": {
    "user": 1,
    "action": "VIEW_RDC_MAP_STATUS",
    "target_repr": "Carte RDC sur briefing Présidence",
    "ip_address": "127.0.0.1",
    "timestamp": "2026-01-13T19:44:01.733Z"
  }
},
{
  "model": "agents.auditlog",
  "pk": 471,
  "fields": {
    "user": 1,
    "action": "SYSTEM_WEAK_SIGNALS",
    "target_repr": "Présidence: calcul signaux faibles (72h) - 5 résultats",
    "ip_address": null,
    "timestamp": "2026-01-13T19:44:01.879Z"
  }
},
{
  "model": "agents.auditlog",
  "pk": 472,
  "fields": {
    "user": 1,
    "action": "LOGIN",
    "target_repr": "Système",
    "ip_address": "127.0.0.1",
    "timestamp": "2026-01-13T19:44:51.344Z"
  }
},
{
  "model": "agents.auditlog",
  "pk": 473,
  "fields": {
    "user": 1,
    "action": "VIEW_PRESIDENCE_BRIEFING",
    "target_repr": "Présidence briefing",
    "ip_address": "127.0.0.1",
    "timestamp": "2026-01-13T19:44:53.486Z"
  }
},
{
  "model": "agents.auditlog",
  "pk": 474,
  "fields": {
    "user": 1,
    "action": "VIEW_RDC_MAP_STATUS",
    "target_repr": "Carte RDC sur briefing Présidence",
    "ip_address": "127.0.0.1",
    "timestamp": "2026-01-13T19:44:53.539Z"
  }
},
{
  "model": "agents.auditlog",
  "pk": 475,
  "fields": {
    "user": 1,
    "action": "SYSTEM_WEAK_SIGNALS",
    "target_repr": "Présidence: calcul signaux faibles (72h) - 5 résultats",
    "ip_address": null,
    "timestamp": "2026-01-13T19:44:53.634Z"
  }
},
{
  "model": "agents.auditlog",
  "pk": 476,
  "fields": {
    "user": 1,
    "action": "VIEW_PRESIDENCE_BRIEFING",
    "target_repr": "Présidence briefing",
    "ip_address": "127.0.0.1",
    "timestamp": "2026-01-13T19:46:55.488Z"
  }
},
{
  "model": "agents.auditlog",
  "pk": 477,
  "fields": {
    "user": 1,
    "action": "VIEW_RDC_MAP_STATUS",
    "target_repr": "Carte RDC sur briefing Présidence",
    "ip_address": "127.0.0.1",
    "timestamp": "2026-01-13T19:46:55.577Z"
  }
},
{
  "model": "agents.auditlog",
  "pk": 478,
  "fields": {
    "user": 1,
    "action": "SYSTEM_WEAK_SIGNALS",
    "target_repr": "Présidence: calcul signaux faibles (72h) - 5 résultats",
    "ip_address": null,
    "timestamp": "2026-01-13T19:46:55.725Z"
  }
},
{
  "model": "agents.auditlog",
  "pk": 479,
  "fields": {
    "user": 1,
    "action": "VIEW_PRESIDENCE_BRIEFING",
    "target_repr": "Présidence briefing",
    "ip_address": "127.0.0.1",
    "timestamp": "2026-01-13T19:51:52.084Z"
  }
},
{
  "model": "agents.auditlog",
  "pk": 480,
  "fields": {
    "user": 1,
    "action": "VIEW_RDC_MAP_STATUS",
    "target_repr": "Carte RDC sur briefing Présidence",
    "ip_address": "127.0.0.1",
    "timestamp": "2026-01-13T19:51:52.171Z"
  }
},
{
  "model": "agents.auditlog",
  "pk": 481,
  "fields": {
    "user": 1,
    "action": "SYSTEM_WEAK_SIGNALS",
    "target_repr": "Présidence: calcul signaux faibles (72h) - 5 résultats",
    "ip_address": null,
    "timestamp": "2026-01-13T19:51:52.320Z"
  }
},
{
  "model": "agents.auditlog",
  "pk": 482,
  "fields": {
    "user": 1,
    "action": "VIEW_PRESIDENCE_BRIEFING",
    "target_repr": "Présidence briefing PDF Export",
    "ip_address": "127.0.0.1",
    "timestamp": "2026-01-13T19:52:13.613Z"
  }
},
{
  "model": "agents.auditlog",
  "pk": 483,
  "fields": {
    "user": 1,
    "action": "VIEW_PRESIDENCE_BRIEFING",
    "target_repr": "Présidence briefing",
    "ip_address": "127.0.0.1",
    "timestamp": "2026-01-13T19:52:21.571Z"
  }
},
{
  "model": "agents.auditlog",
  "pk": 484,
  "fields": {
    "user": 1,
    "action": "VIEW_RDC_MAP_STATUS",
    "target_repr": "Carte RDC sur briefing Présidence",
    "ip_address": "127.0.0.1",
    "timestamp": "2026-01-13T19:52:21.665Z"
  }
},
{
  "model": "agents.auditlog",
  "pk": 485,
  "fields": {
    "user": 1,
    "action": "SYSTEM_WEAK_SIGNALS",
    "target_repr": "Présidence: calcul signaux faibles (72h) - 5 résultats",
    "ip_address": null,
    "timestamp": "2026-01-13T19:52:21.799Z"
  }
},
{
  "model": "agents.auditlog",
  "pk": 486,
  "fields": {
    "user": 1,
    "action": "VIEW_PRESIDENCE_BRIEFING",
    "target_repr": "Présidence briefing",
    "ip_address": "127.0.0.1",
    "timestamp": "2026-01-13T19:52:33.387Z"
  }
},
{
  "model": "agents.auditlog",
  "pk": 487,
  "fields": {
    "user": 1,
    "action": "VIEW_RDC_MAP_STATUS",
    "target_repr": "Carte RDC sur briefing Présidence",
    "ip_address": "127.0.0.1",
    "timestamp": "2026-01-13T19:52:33.464Z"
  }
},
{
  "model": "agents.auditlog",
  "pk": 488,
  "fields": {
    "user": 1,
    "action": "SYSTEM_WEAK_SIGNALS",
    "target_repr": "Présidence: calcul signaux faibles (72h) - 5 résultats",
    "ip_address": null,
    "timestamp": "2026-01-13T19:52:33.597Z"
  }
},
{
  "model": "agents.auditlog",
  "pk": 489,
  "fields": {
    "user": 1,
    "action": "VIEW_PRESIDENCE_BRIEFING",
    "target_repr": "Présidence briefing",
    "ip_address": "127.0.0.1",
    "timestamp": "2026-01-13T20:01:10.506Z"
  }
},
{
  "model": "agents.auditlog",
  "pk": 490,
  "fields": {
    "user": 1,
    "action": "VIEW_RDC_MAP_STATUS",
    "target_repr": "Carte RDC sur briefing Présidence",
    "ip_address": "127.0.0.1",
    "timestamp": "2026-01-13T20:01:10.581Z"
  }
},
{
  "model": "agents.auditlog",
  "pk": 491,
  "fields": {
    "user": 1,
    "action": "SYSTEM_WEAK_SIGNALS",
    "target_repr": "Présidence: calcul signaux faibles (72h) - 5 résultats",
    "ip_address": null,
    "timestamp": "2026-01-13T20:01:10.726Z"
  }
},
{
  "model": "agents.auditlog",
  "pk": 492,
  "fields": {
    "user": 1,
    "action": "VIEW_PRESIDENCE_BRIEFING",
    "target_repr": "Présidence briefing",
    "ip_address": "127.0.0.1",
    "timestamp": "2026-01-13T20:01:36.528Z"
  }
},
{
  "model": "agents.auditlog",
  "pk": 493,
  "fields": {
    "user": 1,
    "action": "VIEW_RDC_MAP_STATUS",
    "target_repr": "Carte RDC sur briefing Présidence",
    "ip_address": "127.0.0.1",
    "timestamp": "2026-01-13T20:01:36.612Z"
  }
},
{
  "model": "agents.auditlog",
  "pk": 494,
  "fields": {
    "user": 1,
    "action": "SYSTEM_WEAK_SIGNALS",
    "target_repr": "Présidence: calcul signaux faibles (72h) - 5 résultats",
    "ip_address": null,
    "timestamp": "2026-01-13T20:01:36.753Z"
  }
},
{
  "model": "agents.auditlog",
  "pk": 495,
  "fields": {
    "user": 1,
    "action": "VIEW_PRESIDENCE_BRIEFING",
    "target_repr": "Présidence briefing",
    "ip_address": "127.0.0.1",
    "timestamp": "2026-01-13T20:05:00.704Z"
  }
},
{
  "model": "agents.auditlog",
  "pk": 496,
  "fields": {
    "user": 1,
    "action": "VIEW_RDC_MAP_STATUS",
    "target_repr": "Carte RDC sur briefing Présidence",
    "ip_address": "127.0.0.1",
    "timestamp": "2026-01-13T20:05:00.791Z"
  }
},
{
  "model": "agents.auditlog",
  "pk": 497,
  "fields": {
    "user": 1,
    "action": "SYSTEM_WEAK_SIGNALS",
    "target_repr": "Présidence: calcul signaux faibles (72h) - 5 résultats",
    "ip_address": null,
    "timestamp": "2026-01-13T20:05:00.937Z"
  }
},
{
  "model": "agents.auditlog",
  "pk": 498,
  "fields": {
    "user": 1,
    "action": "VIEW_PRESIDENCE_BRIEFING",
    "target_repr": "Présidence briefing",
    "ip_address": "127.0.0.1",
    "timestamp": "2026-01-13T20:06:23.575Z"
  }
},
{
  "model": "agents.auditlog",
  "pk": 499,
  "fields": {
    "user": 1,
    "action": "VIEW_RDC_MAP_STATUS",
    "target_repr": "Carte RDC sur briefing Présidence",
    "ip_address": "127.0.0.1",
    "timestamp": "2026-01-13T20:06:23.651Z"
  }
},
{
  "model": "agents.auditlog",
  "pk": 500,
  "fields": {
    "user": 1,
    "action": "SYSTEM_WEAK_SIGNALS",
    "target_repr": "Présidence: calcul signaux faibles (72h) - 5 résultats",
    "ip_address": null,
    "timestamp": "2026-01-13T20:06:23.779Z"
  }
},
{
  "model": "agents.auditlog",
  "pk": 501,
  "fields": {
    "user": 1,
    "action": "VIEW_PRESIDENCE_BRIEFING",
    "target_repr": "Présidence briefing",
    "ip_address": "127.0.0.1",
    "timestamp": "2026-01-13T20:10:57.474Z"
  }
},
{
  "model": "agents.auditlog",
  "pk": 502,
  "fields": {
    "user": 1,
    "action": "VIEW_RDC_MAP_STATUS",
    "target_repr": "Carte RDC sur briefing Présidence",
    "ip_address": "127.0.0.1",
    "timestamp": "2026-01-13T20:10:57.567Z"
  }
},
{
  "model": "agents.auditlog",
  "pk": 503,
  "fields": {
    "user": 1,
    "action": "SYSTEM_WEAK_SIGNALS",
    "target_repr": "Présidence: calcul signaux faibles (72h) - 5 résultats",
    "ip_address": null,
    "timestamp": "2026-01-13T20:10:57.733Z"
  }
},
{
  "model": "agents.auditlog",
  "pk": 504,
  "fields": {
    "user": 1,
    "action": "VIEW_PRESIDENCE_BRIEFING",
    "target_repr": "Présidence briefing",
    "ip_address": "127.0.0.1",
    "timestamp": "2026-01-13T20:16:08.046Z"
  }
},
{
  "model": "agents.auditlog",
  "pk": 505,
  "fields": {
    "user": 1,
    "action": "VIEW_RDC_MAP_STATUS",
    "target_repr": "Carte RDC sur briefing Présidence",
    "ip_address": "127.0.0.1",
    "timestamp": "2026-01-13T20:16:08.122Z"
  }
},
{
  "model": "agents.auditlog",
  "pk": 506,
  "fields": {
    "user": 1,
    "action": "SYSTEM_WEAK_SIGNALS",
    "target_repr": "Présidence: calcul signaux faibles (72h) - 5 résultats",
    "ip_address": null,
    "timestamp": "2026-01-13T20:16:08.270Z"
  }
},
{
  "model": "agents.auditlog",
  "pk": 507,
  "fields": {
    "user": 1,
    "action": "VIEW_PRESIDENCE_BRIEFING",
    "target_repr": "Présidence briefing",
    "ip_address": "127.0.0.1",
    "timestamp": "2026-01-13T20:19:13.979Z"
  }
},
{
  "model": "agents.auditlog",
  "pk": 508,
  "fields": {
    "user": 1,
    "action": "VIEW_RDC_MAP_STATUS",
    "target_repr": "Carte RDC sur briefing Présidence",
    "ip_address": "127.0.0.1",
    "timestamp": "2026-01-13T20:19:14.049Z"
  }
},
{
  "model": "agents.auditlog",
  "pk": 509,
  "fields": {
    "user": 1,
    "action": "SYSTEM_WEAK_SIGNALS",
    "target_repr": "Présidence: calcul signaux faibles (72h) - 5 résultats",
    "ip_address": null,
    "timestamp": "2026-01-13T20:19:14.180Z"
  }
},
{
  "model": "agents.auditlog",
  "pk": 510,
  "fields": {
    "user": 1,
    "action": "VIEW_PRESIDENCE_BRIEFING",
    "target_repr": "Présidence briefing",
    "ip_address": "127.0.0.1",
    "timestamp": "2026-01-13T20:19:37.867Z"
  }
},
{
  "model": "agents.auditlog",
  "pk": 511,
  "fields": {
    "user": 1,
    "action": "VIEW_RDC_MAP_STATUS",
    "target_repr": "Carte RDC sur briefing Présidence",
    "ip_address": "127.0.0.1",
    "timestamp": "2026-01-13T20:19:37.949Z"
  }
},
{
  "model": "agents.auditlog",
  "pk": 512,
  "fields": {
    "user": 1,
    "action": "SYSTEM_WEAK_SIGNALS",
    "target_repr": "Présidence: calcul signaux faibles (72h) - 5 résultats",
    "ip_address": null,
    "timestamp": "2026-01-13T20:19:38.113Z"
  }
},
{
  "model": "agents.auditlog",
  "pk": 513,
  "fields": {
    "user": 1,
    "action": "VIEW_PRESIDENCE_BRIEFING",
    "target_repr": "Présidence briefing",
    "ip_address": "127.0.0.1",
    "timestamp": "2026-01-13T20:19:39.544Z"
  }
},
{
  "model": "agents.auditlog",
  "pk": 514,
  "fields": {
    "user": 1,
    "action": "VIEW_RDC_MAP_STATUS",
    "target_repr": "Carte RDC sur briefing Présidence",
    "ip_address": "127.0.0.1",
    "timestamp": "2026-01-13T20:19:39.616Z"
  }
},
{
  "model": "agents.auditlog",
  "pk": 515,
  "fields": {
    "user": 1,
    "action": "SYSTEM_WEAK_SIGNALS",
    "target_repr": "Présidence: calcul signaux faibles (72h) - 5 résultats",
    "ip_address": null,
    "timestamp": "2026-01-13T20:19:39.752Z"
  }
},
{
  "model": "agents.auditlog",
  "pk": 516,
  "fields": {
    "user": 1,
    "action": "VIEW_PRESIDENCE_BRIEFING",
    "target_repr": "Présidence briefing",
    "ip_address": "127.0.0.1",
    "timestamp": "2026-01-13T20:19:40.598Z"
  }
},
{
  "model": "agents.auditlog",
  "pk": 517,
  "fields": {
    "user": 1,
    "action": "VIEW_RDC_MAP_STATUS",
    "target_repr": "Carte RDC sur briefing Présidence",
    "ip_address": "127.0.0.1",
    "timestamp": "2026-01-13T20:19:40.670Z"
  }
},
{
  "model": "agents.auditlog",
  "pk": 518,
  "fields": {
    "user": 1,
    "action": "SYSTEM_WEAK_SIGNALS",
    "target_repr": "Présidence: calcul signaux faibles (72h) - 5 résultats",
    "ip_address": null,
    "timestamp": "2026-01-13T20:19:40.804Z"
  }
},
{
  "model": "agents.auditlog",
  "pk": 519,
  "fields": {
    "user": 1,
    "action": "VIEW_PRESIDENCE_BRIEFING",
    "target_repr": "Présidence briefing",
    "ip_address": "127.0.0.1",
    "timestamp": "2026-01-13T20:19:42.750Z"
  }
},
{
  "model": "agents.auditlog",
  "pk": 520,
  "fields": {
    "user": 1,
    "action": "VIEW_RDC_MAP_STATUS",
    "target_repr": "Carte RDC sur briefing Présidence",
    "ip_address": "127.0.0.1",
    "timestamp": "2026-01-13T20:19:42.823Z"
  }
},
{
  "model": "agents.auditlog",
  "pk": 521,
  "fields": {
    "user": 1,
    "action": "SYSTEM_WEAK_SIGNALS",
    "target_repr": "Présidence: calcul signaux faibles (72h) - 5 résultats",
    "ip_address": null,
    "timestamp": "2026-01-13T20:19:42.962Z"
  }
},
{
  "model": "agents.auditlog",
  "pk": 522,
  "fields": {
    "user": 1,
    "action": "VIEW_PRESIDENCE_BRIEFING",
    "target_repr": "Présidence briefing",
    "ip_address": "127.0.0.1",
    "timestamp": "2026-01-13T20:19:43.078Z"
  }
},
{
  "model": "agents.auditlog",
  "pk": 523,
  "fields": {
    "user": 1,
    "action": "VIEW_RDC_MAP_STATUS",
    "target_repr": "Carte RDC sur briefing Présidence",
    "ip_address": "127.0.0.1",
    "timestamp": "2026-01-13T20:19:43.194Z"
  }
},
{
  "model": "agents.auditlog",
  "pk": 524,
  "fields": {
    "user": 1,
    "action": "VIEW_PRESIDENCE_BRIEFING",
    "target_repr": "Présidence briefing",
    "ip_address": "127.0.0.1",
    "timestamp": "2026-01-13T20:19:43.329Z"
  }
},
{
  "model": "agents.auditlog",
  "pk": 525,
  "fields": {
    "user": 1,
    "action": "SYSTEM_WEAK_SIGNALS",
    "target_repr": "Présidence: calcul signaux faibles (72h) - 5 résultats",
    "ip_address": null,
    "timestamp": "2026-01-13T20:19:43.377Z"
  }
},
{
  "model": "agents.auditlog",
  "pk": 526,
  "fields": {
    "user": 1,
    "action": "VIEW_RDC_MAP_STATUS",
    "target_repr": "Carte RDC sur briefing Présidence",
    "ip_address": "127.0.0.1",
    "timestamp": "2026-01-13T20:19:43.482Z"
  }
},
{
  "model": "agents.auditlog",
  "pk": 527,
  "fields": {
    "user": 1,
    "action": "VIEW_PRESIDENCE_BRIEFING",
    "target_repr": "Présidence briefing",
    "ip_address": "127.0.0.1",
    "timestamp": "2026-01-13T20:19:43.592Z"
  }
},
{
  "model": "agents.auditlog",
  "pk": 528,
  "fields": {
    "user": 1,
    "action": "SYSTEM_WEAK_SIGNALS",
    "target_repr": "Présidence: calcul signaux faibles (72h) - 5 résultats",
    "ip_address": null,
    "timestamp": "2026-01-13T20:19:43.665Z"
  }
},
{
  "model": "agents.auditlog",
  "pk": 529,
  "fields": {
    "user": 1,
    "action": "VIEW_RDC_MAP_STATUS",
    "target_repr": "Carte RDC sur briefing Présidence",
    "ip_address": "127.0.0.1",
    "timestamp": "2026-01-13T20:19:43.735Z"
  }
},
{
  "model": "agents.auditlog",
  "pk": 530,
  "fields": {
    "user": 1,
    "action": "VIEW_PRESIDENCE_BRIEFING",
    "target_repr": "Présidence briefing",
    "ip_address": "127.0.0.1",
    "timestamp": "2026-01-13T20:19:43.876Z"
  }
},
{
  "model": "agents.auditlog",
  "pk": 531,
  "fields": {
    "user": 1,
    "action": "SYSTEM_WEAK_SIGNALS",
    "target_repr": "Présidence: calcul signaux faibles (72h) - 5 résultats",
    "ip_address": null,
    "timestamp": "2026-01-13T20:19:43.917Z"
  }
},
{
  "model": "agents.auditlog",
  "pk": 532,
  "fields": {
    "user": 1,
    "action": "VIEW_RDC_MAP_STATUS",
    "target_repr": "Carte RDC sur briefing Présidence",
    "ip_address": "127.0.0.1",
    "timestamp": "2026-01-13T20:19:44.018Z"
  }
},
{
  "model": "agents.auditlog",
  "pk": 533,
  "fields": {
    "user": 1,
    "action": "VIEW_PRESIDENCE_BRIEFING",
    "target_repr": "Présidence briefing",
    "ip_address": "127.0.0.1",
    "timestamp": "2026-01-13T20:19:44.145Z"
  }
},
{
  "model": "agents.auditlog",
  "pk": 534,
  "fields": {
    "user": 1,
    "action": "SYSTEM_WEAK_SIGNALS",
    "target_repr": "Présidence: calcul signaux faibles (72h) - 5 résultats",
    "ip_address": null,
    "timestamp": "2026-01-13T20:19:44.192Z"
  }
},
{
  "model": "agents.auditlog",
  "pk": 535,
  "fields": {
    "user": 1,
    "action": "VIEW_RDC_MAP_STATUS",
    "target_repr": "Carte RDC sur briefing Présidence",
    "ip_address": "127.0.0.1",
    "timestamp": "2026-01-13T20:19:44.282Z"
  }
},
{
  "model": "agents.auditlog",
  "pk": 536,
  "fields": {
    "user": 1,
    "action": "VIEW_PRESIDENCE_BRIEFING",
    "target_repr": "Présidence briefing",
    "ip_address": "127.0.0.1",
    "timestamp": "2026-01-13T20:19:44.423Z"
  }
},
{
  "model": "agents.auditlog",
  "pk": 537,
  "fields": {
    "user": 1,
    "action": "SYSTEM_WEAK_SIGNALS",
    "target_repr": "Présidence: calcul signaux faibles (72h) - 5 résultats",
    "ip_address": null,
    "timestamp": "2026-01-13T20:19:44.457Z"
  }
},
{
  "model": "agents.auditlog",
  "pk": 538,
  "fields": {
    "user": 1,
    "action": "VIEW_RDC_MAP_STATUS",
    "target_repr": "Carte RDC sur briefing Présidence",
    "ip_address": "127.0.0.1",
    "timestamp": "2026-01-13T20:19:44.566Z"
  }
},
{
  "model": "agents.auditlog",
  "pk": 539,
  "fields": {
    "user": 1,
    "action": "VIEW_PRESIDENCE_BRIEFING",
    "target_repr": "Présidence briefing",
    "ip_address": "127.0.0.1",
    "timestamp": "2026-01-13T20:19:44.673Z"
  }
},
{
  "model": "agents.auditlog",
  "pk": 540,
  "fields": {
    "user": 1,
    "action": "SYSTEM_WEAK_SIGNALS",
    "target_repr": "Présidence: calcul signaux faibles (72h) - 5 résultats",
    "ip_address": null,
    "timestamp": "2026-01-13T20:19:44.740Z"
  }
},
{
  "model": "agents.auditlog",
  "pk": 541,
  "fields": {
    "user": 1,
    "action": "VIEW_RDC_MAP_STATUS",
    "target_repr": "Carte RDC sur briefing Présidence",
    "ip_address": "127.0.0.1",
    "timestamp": "2026-01-13T20:19:44.854Z"
  }
},
{
  "model": "agents.auditlog",
  "pk": 542,
  "fields": {
    "user": 1,
    "action": "SYSTEM_WEAK_SIGNALS",
    "target_repr": "Présidence: calcul signaux faibles (72h) - 5 résultats",
    "ip_address": null,
    "timestamp": "2026-01-13T20:19:44.992Z"
  }
},
{
  "model": "agents.auditlog",
  "pk": 543,
  "fields": {
    "user": 1,
    "action": "LOGIN",
    "target_repr": "Système",
    "ip_address": "127.0.0.1",
    "timestamp": "2026-01-13T20:21:00.570Z"
  }
},
{
  "model": "agents.auditlog",
  "pk": 544,
  "fields": {
    "user": 1,
    "action": "VIEW_PRESIDENCE_BRIEFING",
    "target_repr": "Présidence briefing",
    "ip_address": "127.0.0.1",
    "timestamp": "2026-01-13T20:21:03.109Z"
  }
},
{
  "model": "agents.auditlog",
  "pk": 545,
  "fields": {
    "user": 1,
    "action": "VIEW_RDC_MAP_STATUS",
    "target_repr": "Carte RDC sur briefing Présidence",
    "ip_address": "127.0.0.1",
    "timestamp": "2026-01-13T20:21:03.160Z"
  }
},
{
  "model": "agents.auditlog",
  "pk": 546,
  "fields": {
    "user": 1,
    "action": "SYSTEM_WEAK_SIGNALS",
    "target_repr": "Présidence: calcul signaux faibles (72h) - 5 résultats",
    "ip_address": null,
    "timestamp": "2026-01-13T20:21:03.255Z"
  }
},
{
  "model": "agents.auditlog",
  "pk": 547,
  "fields": {
    "user": 1,
    "action": "LOGIN",
    "target_repr": "Système",
    "ip_address": "127.0.0.1",
    "timestamp": "2026-01-13T20:24:09.229Z"
  }
},
{
  "model": "agents.auditlog",
  "pk": 548,
  "fields": {
    "user": 1,
    "action": "VIEW_PRESIDENCE_BRIEFING",
    "target_repr": "Présidence briefing",
    "ip_address": "127.0.0.1",
    "timestamp": "2026-01-13T20:24:13.136Z"
  }
},
{
  "model": "agents.auditlog",
  "pk": 549,
  "fields": {
    "user": 1,
    "action": "VIEW_RDC_MAP_STATUS",
    "target_repr": "Carte RDC sur briefing Présidence",
    "ip_address": "127.0.0.1",
    "timestamp": "2026-01-13T20:24:13.188Z"
  }
},
{
  "model": "agents.auditlog",
  "pk": 550,
  "fields": {
    "user": 1,
    "action": "SYSTEM_WEAK_SIGNALS",
    "target_repr": "Présidence: calcul signaux faibles (72h) - 5 résultats",
    "ip_address": null,
    "timestamp": "2026-01-13T20:24:13.289Z"
  }
},
{
  "model": "agents.auditlog",
  "pk": 551,
  "fields": {
    "user": 1,
    "action": "VIEW_PRESIDENCE_BRIEFING",
    "target_repr": "Présidence briefing",
    "ip_address": "127.0.0.1",
    "timestamp": "2026-01-13T20:24:26.797Z"
  }
},
{
  "model": "agents.auditlog",
  "pk": 552,
  "fields": {
    "user": 1,
    "action": "VIEW_RDC_MAP_STATUS",
    "target_repr": "Carte RDC sur briefing Présidence",
    "ip_address": "127.0.0.1",
    "timestamp": "2026-01-13T20:24:26.878Z"
  }
},
{
  "model": "agents.auditlog",
  "pk": 553,
  "fields": {
    "user": 1,
    "action": "SYSTEM_WEAK_SIGNALS",
    "target_repr": "Présidence: calcul signaux faibles (72h) - 5 résultats",
    "ip_address": null,
    "timestamp": "2026-01-13T20:24:27.022Z"
  }
},
{
  "model": "agents.auditlog",
  "pk": 554,
  "fields": {
    "user": 1,
    "action": "LOGIN",
    "target_repr": "Système",
    "ip_address": "127.0.0.1",
    "timestamp": "2026-01-13T20:34:31.910Z"
  }
},
{
  "model": "agents.auditlog",
  "pk": 555,
  "fields": {
    "user": 1,
    "action": "LOGIN",
    "target_repr": "Système",
    "ip_address": "127.0.0.1",
    "timestamp": "2026-01-13T20:51:42.482Z"
  }
},
{
  "model": "agents.auditlog",
  "pk": 556,
  "fields": {
    "user": 1,
    "action": "LOGIN",
    "target_repr": "Système",
    "ip_address": "127.0.0.1",
    "timestamp": "2026-01-13T20:52:39.827Z"
  }
},
{
  "model": "agents.auditlog",
  "pk": 557,
  "fields": {
    "user": 1,
    "action": "VIEW_PRESIDENCE_BRIEFING",
    "target_repr": "Présidence briefing",
    "ip_address": "127.0.0.1",
    "timestamp": "2026-01-13T20:52:39.898Z"
  }
},
{
  "model": "agents.auditlog",
  "pk": 558,
  "fields": {
    "user": 1,
    "action": "VIEW_RDC_MAP_STATUS",
    "target_repr": "Carte RDC sur briefing Présidence",
    "ip_address": "127.0.0.1",
    "timestamp": "2026-01-13T20:52:39.962Z"
  }
},
{
  "model": "agents.auditlog",
  "pk": 559,
  "fields": {
    "user": 1,
    "action": "SYSTEM_WEAK_SIGNALS",
    "target_repr": "Présidence: calcul signaux faibles (72h) - 5 résultats",
    "ip_address": null,
    "timestamp": "2026-01-13T20:52:40.048Z"
  }
},
{
  "model": "agents.auditlog",
  "pk": 560,
  "fields": {
    "user": 1,
    "action": "LOGIN",
    "target_repr": "Système",
    "ip_address": "127.0.0.1",
    "timestamp": "2026-01-13T20:52:56.684Z"
  }
},
{
  "model": "agents.auditlog",
  "pk": 561,
  "fields": {
    "user": 1,
    "action": "VIEW_PRESIDENCE_BRIEFING",
    "target_repr": "Présidence briefing",
    "ip_address": "127.0.0.1",
    "timestamp": "2026-01-13T20:52:58.196Z"
  }
},
{
  "model": "agents.auditlog",
  "pk": 562,
  "fields": {
    "user": 1,
    "action": "VIEW_RDC_MAP_STATUS",
    "target_repr": "Carte RDC sur briefing Présidence",
    "ip_address": "127.0.0.1",
    "timestamp": "2026-01-13T20:52:58.249Z"
  }
},
{
  "model": "agents.auditlog",
  "pk": 563,
  "fields": {
    "user": 1,
    "action": "SYSTEM_WEAK_SIGNALS",
    "target_repr": "Présidence: calcul signaux faibles (72h) - 5 résultats",
    "ip_address": null,
    "timestamp": "2026-01-13T20:52:58.338Z"
  }
},
{
  "model": "agents.auditlog",
  "pk": 564,
  "fields": {
    "user": 1,
    "action": "LOGIN",
    "target_repr": "Système",
    "ip_address": "127.0.0.1",
    "timestamp": "2026-01-13T20:53:25.192Z"
  }
},
{
  "model": "agents.auditlog",
  "pk": 565,
  "fields": {
    "user": 1,
    "action": "LOGIN",
    "target_repr": "Système",
    "ip_address": "127.0.0.1",
    "timestamp": "2026-01-13T21:03:46.815Z"
  }
},
{
  "model": "agents.auditlog",
  "pk": 566,
  "fields": {
    "user": 1,
    "action": "VIEW_PRESIDENCE_BRIEFING",
    "target_repr": "Présidence briefing",
    "ip_address": "127.0.0.1",
    "timestamp": "2026-01-13T21:03:49.907Z"
  }
},
{
  "model": "agents.auditlog",
  "pk": 567,
  "fields": {
    "user": 1,
    "action": "VIEW_RDC_MAP_STATUS",
    "target_repr": "Carte RDC sur briefing Présidence",
    "ip_address": "127.0.0.1",
    "timestamp": "2026-01-13T21:03:49.956Z"
  }
},
{
  "model": "agents.auditlog",
  "pk": 568,
  "fields": {
    "user": 1,
    "action": "SYSTEM_WEAK_SIGNALS",
    "target_repr": "Présidence: calcul signaux faibles (72h) - 5 résultats",
    "ip_address": null,
    "timestamp": "2026-01-13T21:03:50.044Z"
  }
},
{
  "model": "agents.auditlog",
  "pk": 569,
  "fields": {
    "user": 1,
    "action": "LOGIN",
    "target_repr": "Système",
    "ip_address": "127.0.0.1",
    "timestamp": "2026-01-13T21:06:46.382Z"
  }
},
{
  "model": "agents.auditlog",
  "pk": 570,
  "fields": {
    "user": 1,
    "action": "LOGIN",
    "target_repr": "Système",
    "ip_address": "127.0.0.1",
    "timestamp": "2026-01-13T21:09:51.590Z"
  }
},
{
  "model": "agents.auditlog",
  "pk": 571,
  "fields": {
    "user": 1,
    "action": "VIEW_PRESIDENCE_BRIEFING",
    "target_repr": "Présidence briefing",
    "ip_address": "127.0.0.1",
    "timestamp": "2026-01-13T21:12:44.267Z"
  }
},
{
  "model": "agents.auditlog",
  "pk": 572,
  "fields": {
    "user": 1,
    "action": "VIEW_RDC_MAP_STATUS",
    "target_repr": "Carte RDC sur briefing Présidence",
    "ip_address": "127.0.0.1",
    "timestamp": "2026-01-13T21:12:44.319Z"
  }
},
{
  "model": "agents.auditlog",
  "pk": 573,
  "fields": {
    "user": 1,
    "action": "SYSTEM_WEAK_SIGNALS",
    "target_repr": "Présidence: calcul signaux faibles (72h) - 5 résultats",
    "ip_address": null,
    "timestamp": "2026-01-13T21:12:44.410Z"
  }
},
{
  "model": "agents.auditlog",
  "pk": 574,
  "fields": {
    "user": 1,
    "action": "VIEW_AUDIT",
    "target_repr": "Journal d'audit",
    "ip_address": "127.0.0.1",
    "timestamp": "2026-01-13T21:13:01.098Z"
  }
},
{
  "model": "agents.auditlog",
  "pk": 575,
  "fields": {
    "user": 1,
    "action": "VIEW_AUDIT",
    "target_repr": "Journal d'audit",
    "ip_address": "127.0.0.1",
    "timestamp": "2026-01-13T21:13:35.365Z"
  }
},
{
  "model": "agents.auditlog",
  "pk": 576,
  "fields": {
    "user": 1,
    "action": "VIEW_AUDIT",
    "target_repr": "Journal d'audit",
    "ip_address": "127.0.0.1",
    "timestamp": "2026-01-13T21:13:39.804Z"
  }
},
{
  "model": "agents.auditlog",
  "pk": 577,
  "fields": {
    "user": 1,
    "action": "VIEW_AUDIT",
    "target_repr": "Journal d'audit",
    "ip_address": "127.0.0.1",
    "timestamp": "2026-01-13T21:14:02.431Z"
  }
},
{
  "model": "agents.auditlog",
  "pk": 578,
  "fields": {
    "user": 7,
    "action": "LOGIN",
    "target_repr": "Système",
    "ip_address": "127.0.0.1",
    "timestamp": "2026-01-13T21:15:31.101Z"
  }
},
{
  "model": "agents.auditlog",
  "pk": 579,
  "fields": {
    "user": 7,
    "action": "AGENT_STATUS_CHANGE",
    "target_repr": "Agent demiap_test a démarré une patrouille.",
    "ip_address": null,
    "timestamp": "2026-01-13T21:49:23.311Z"
  }
},
{
  "model": "agents.auditlog",
  "pk": 580,
  "fields": {
    "user": 4,
    "action": "LOGIN",
    "target_repr": "Système",
    "ip_address": "127.0.0.1",
    "timestamp": "2026-01-14T13:17:55.780Z"
  }
},
{
  "model": "agents.auditlog",
  "pk": 581,
  "fields": {
    "user": 4,
    "action": "LOGIN",
    "target_repr": "Système",
    "ip_address": "127.0.0.1",
    "timestamp": "2026-01-14T13:23:09.909Z"
  }
},
{
  "model": "agents.auditlog",
  "pk": 582,
  "fields": {
    "user": 1,
    "action": "LOGIN",
    "target_repr": "Système",
    "ip_address": "127.0.0.1",
    "timestamp": "2026-01-14T14:32:38.360Z"
  }
},
{
  "model": "agents.auditlog",
  "pk": 583,
  "fields": {
    "user": 4,
    "action": "LOGIN",
    "target_repr": "Système",
    "ip_address": "127.0.0.1",
    "timestamp": "2026-01-14T14:38:26.540Z"
  }
},
{
  "model": "agents.auditlog",
  "pk": 584,
  "fields": {
    "user": 4,
    "action": "LOGIN",
    "target_repr": "Système",
    "ip_address": "127.0.0.1",
    "timestamp": "2026-01-14T14:38:32.420Z"
  }
},
{
  "model": "agents.auditlog",
  "pk": 585,
  "fields": {
    "user": 4,
    "action": "LOGIN",
    "target_repr": "Système",
    "ip_address": "127.0.0.1",
    "timestamp": "2026-01-14T14:54:12.545Z"
  }
},
{
  "model": "agents.auditlog",
  "pk": 586,
  "fields": {
    "user": 4,
    "action": "LOGIN",
    "target_repr": "Système",
    "ip_address": "127.0.0.1",
    "timestamp": "2026-01-14T14:55:04.137Z"
  }
},
{
  "model": "agents.auditlog",
  "pk": 587,
  "fields": {
    "user": 4,
    "action": "LOGIN",
    "target_repr": "Système",
    "ip_address": "127.0.0.1",
    "timestamp": "2026-01-14T14:57:43.473Z"
  }
},
{
  "model": "agents.auditlog",
  "pk": 588,
  "fields": {
    "user": 7,
    "action": "LOGIN",
    "target_repr": "Système",
    "ip_address": "127.0.0.1",
    "timestamp": "2026-01-14T15:01:00.249Z"
  }
},
{
  "model": "agents.auditlog",
  "pk": 589,
  "fields": {
    "user": 4,
    "action": "LOGIN",
    "target_repr": "Système",
    "ip_address": "127.0.0.1",
    "timestamp": "2026-01-14T15:03:04.883Z"
  }
},
{
  "model": "agents.auditlog",
  "pk": 590,
  "fields": {
    "user": 4,
    "action": "LOGIN",
    "target_repr": "Système",
    "ip_address": "127.0.0.1",
    "timestamp": "2026-01-14T15:11:38.910Z"
  }
},
{
  "model": "agents.auditlog",
  "pk": 591,
  "fields": {
    "user": 8,
    "action": "LOGIN",
    "target_repr": "Système",
    "ip_address": "127.0.0.1",
    "timestamp": "2026-01-14T15:12:15.862Z"
  }
},
{
  "model": "agents.auditlog",
  "pk": 592,
  "fields": {
    "user": 2,
    "action": "LOGIN",
    "target_repr": "Système",
    "ip_address": "127.0.0.1",
    "timestamp": "2026-01-14T15:12:29.136Z"
  }
},
{
  "model": "agents.auditlog",
  "pk": 593,
  "fields": {
    "user": 3,
    "action": "LOGIN",
    "target_repr": "Système",
    "ip_address": "127.0.0.1",
    "timestamp": "2026-01-14T15:12:38.598Z"
  }
},
{
  "model": "agents.auditlog",
  "pk": 594,
  "fields": {
    "user": 6,
    "action": "LOGIN",
    "target_repr": "Système",
    "ip_address": "127.0.0.1",
    "timestamp": "2026-01-14T15:12:51.175Z"
  }
},
{
  "model": "agents.auditlog",
  "pk": 595,
  "fields": {
    "user": 6,
    "action": "LOGIN",
    "target_repr": "Système",
    "ip_address": "127.0.0.1",
    "timestamp": "2026-01-14T15:16:46.009Z"
  }
},
{
  "model": "agents.auditlog",
  "pk": 596,
  "fields": {
    "user": 1,
    "action": "LOGIN",
    "target_repr": "Système",
    "ip_address": "127.0.0.1",
    "timestamp": "2026-01-14T15:18:34.168Z"
  }
},
{
  "model": "agents.auditlog",
  "pk": 597,
  "fields": {
    "user": 1,
    "action": "VIEW_PRESIDENCE_BRIEFING",
    "target_repr": "Présidence briefing",
    "ip_address": "127.0.0.1",
    "timestamp": "2026-01-14T15:18:36.607Z"
  }
},
{
  "model": "agents.auditlog",
  "pk": 598,
  "fields": {
    "user": 1,
    "action": "VIEW_RDC_MAP_STATUS",
    "target_repr": "Carte RDC sur briefing Présidence",
    "ip_address": "127.0.0.1",
    "timestamp": "2026-01-14T15:18:36.666Z"
  }
},
{
  "model": "agents.auditlog",
  "pk": 599,
  "fields": {
    "user": 1,
    "action": "SYSTEM_WEAK_SIGNALS",
    "target_repr": "Présidence: calcul signaux faibles (72h) - 5 résultats",
    "ip_address": null,
    "timestamp": "2026-01-14T15:18:36.760Z"
  }
},
{
  "model": "agents.auditlog",
  "pk": 600,
  "fields": {
    "user": 1,
    "action": "LOGIN",
    "target_repr": "Système",
    "ip_address": "127.0.0.1",
    "timestamp": "2026-01-14T15:33:33.272Z"
  }
},
{
  "model": "agents.auditlog",
  "pk": 601,
  "fields": {
    "user": 1,
    "action": "VIEW_PRESIDENCE_BRIEFING",
    "target_repr": "Présidence briefing",
    "ip_address": "127.0.0.1",
    "timestamp": "2026-01-14T15:36:38.173Z"
  }
},
{
  "model": "agents.auditlog",
  "pk": 602,
  "fields": {
    "user": 1,
    "action": "VIEW_RDC_MAP_STATUS",
    "target_repr": "Carte RDC sur briefing Présidence",
    "ip_address": "127.0.0.1",
    "timestamp": "2026-01-14T15:36:38.231Z"
  }
},
{
  "model": "agents.auditlog",
  "pk": 603,
  "fields": {
    "user": 1,
    "action": "SYSTEM_WEAK_SIGNALS",
    "target_repr": "Présidence: calcul signaux faibles (72h) - 5 résultats",
    "ip_address": null,
    "timestamp": "2026-01-14T15:36:38.323Z"
  }
},
{
  "model": "agents.auditlog",
  "pk": 604,
  "fields": {
    "user": 1,
    "action": "VIEW_PRESIDENCE_BRIEFING",
    "target_repr": "Présidence briefing",
    "ip_address": "127.0.0.1",
    "timestamp": "2026-01-14T15:44:09.606Z"
  }
},
{
  "model": "agents.auditlog",
  "pk": 605,
  "fields": {
    "user": 1,
    "action": "VIEW_RDC_MAP_STATUS",
    "target_repr": "Carte RDC sur briefing Présidence",
    "ip_address": "127.0.0.1",
    "timestamp": "2026-01-14T15:44:09.687Z"
  }
},
{
  "model": "agents.auditlog",
  "pk": 606,
  "fields": {
    "user": 1,
    "action": "SYSTEM_WEAK_SIGNALS",
    "target_repr": "Présidence: calcul signaux faibles (72h) - 5 résultats",
    "ip_address": null,
    "timestamp": "2026-01-14T15:44:09.832Z"
  }
},
{
  "model": "agents.auditlog",
  "pk": 607,
  "fields": {
    "user": 1,
    "action": "VIEW_PRESIDENCE_BRIEFING",
    "target_repr": "Présidence briefing",
    "ip_address": "127.0.0.1",
    "timestamp": "2026-01-14T15:44:10.821Z"
  }
},
{
  "model": "agents.auditlog",
  "pk": 608,
  "fields": {
    "user": 1,
    "action": "VIEW_RDC_MAP_STATUS",
    "target_repr": "Carte RDC sur briefing Présidence",
    "ip_address": "127.0.0.1",
    "timestamp": "2026-01-14T15:44:10.891Z"
  }
},
{
  "model": "agents.auditlog",
  "pk": 609,
  "fields": {
    "user": 1,
    "action": "SYSTEM_WEAK_SIGNALS",
    "target_repr": "Présidence: calcul signaux faibles (72h) - 5 résultats",
    "ip_address": null,
    "timestamp": "2026-01-14T15:44:11.020Z"
  }
},
{
  "model": "agents.auditlog",
  "pk": 610,
  "fields": {
    "user": 1,
    "action": "VIEW_PRESIDENCE_BRIEFING",
    "target_repr": "Présidence briefing",
    "ip_address": "127.0.0.1",
    "timestamp": "2026-01-14T15:44:11.736Z"
  }
},
{
  "model": "agents.auditlog",
  "pk": 611,
  "fields": {
    "user": 1,
    "action": "VIEW_RDC_MAP_STATUS",
    "target_repr": "Carte RDC sur briefing Présidence",
    "ip_address": "127.0.0.1",
    "timestamp": "2026-01-14T15:44:11.825Z"
  }
},
{
  "model": "agents.auditlog",
  "pk": 612,
  "fields": {
    "user": 1,
    "action": "SYSTEM_WEAK_SIGNALS",
    "target_repr": "Présidence: calcul signaux faibles (72h) - 5 résultats",
    "ip_address": null,
    "timestamp": "2026-01-14T15:44:11.999Z"
  }
},
{
  "model": "agents.auditlog",
  "pk": 613,
  "fields": {
    "user": 1,
    "action": "VIEW_PRESIDENCE_BRIEFING",
    "target_repr": "Présidence briefing",
    "ip_address": "127.0.0.1",
    "timestamp": "2026-01-14T15:45:30.831Z"
  }
},
{
  "model": "agents.auditlog",
  "pk": 614,
  "fields": {
    "user": 1,
    "action": "VIEW_RDC_MAP_STATUS",
    "target_repr": "Carte RDC sur briefing Présidence",
    "ip_address": "127.0.0.1",
    "timestamp": "2026-01-14T15:45:30.933Z"
  }
},
{
  "model": "agents.auditlog",
  "pk": 615,
  "fields": {
    "user": 1,
    "action": "SYSTEM_WEAK_SIGNALS",
    "target_repr": "Présidence: calcul signaux faibles (72h) - 5 résultats",
    "ip_address": null,
    "timestamp": "2026-01-14T15:45:31.095Z"
  }
},
{
  "model": "agents.auditlog",
  "pk": 616,
  "fields": {
    "user": 1,
    "action": "VIEW_PRESIDENCE_BRIEFING",
    "target_repr": "Présidence briefing",
    "ip_address": "127.0.0.1",
    "timestamp": "2026-01-14T15:49:23.741Z"
  }
},
{
  "model": "agents.auditlog",
  "pk": 617,
  "fields": {
    "user": 1,
    "action": "VIEW_RDC_MAP_STATUS",
    "target_repr": "Carte RDC sur briefing Présidence",
    "ip_address": "127.0.0.1",
    "timestamp": "2026-01-14T15:49:23.818Z"
  }
},
{
  "model": "agents.auditlog",
  "pk": 618,
  "fields": {
    "user": 1,
    "action": "SYSTEM_WEAK_SIGNALS",
    "target_repr": "Présidence: calcul signaux faibles (72h) - 5 résultats",
    "ip_address": null,
    "timestamp": "2026-01-14T15:49:23.958Z"
  }
},
{
  "model": "agents.auditlog",
  "pk": 619,
  "fields": {
    "user": 1,
    "action": "LOGIN",
    "target_repr": "Système",
    "ip_address": "127.0.0.1",
    "timestamp": "2026-01-14T15:49:37.392Z"
  }
},
{
  "model": "agents.auditlog",
  "pk": 620,
  "fields": {
    "user": 1,
    "action": "VIEW_PRESIDENCE_BRIEFING",
    "target_repr": "Présidence briefing",
    "ip_address": "127.0.0.1",
    "timestamp": "2026-01-14T15:49:39.257Z"
  }
},
{
  "model": "agents.auditlog",
  "pk": 621,
  "fields": {
    "user": 1,
    "action": "VIEW_RDC_MAP_STATUS",
    "target_repr": "Carte RDC sur briefing Présidence",
    "ip_address": "127.0.0.1",
    "timestamp": "2026-01-14T15:49:39.311Z"
  }
},
{
  "model": "agents.auditlog",
  "pk": 622,
  "fields": {
    "user": 1,
    "action": "SYSTEM_WEAK_SIGNALS",
    "target_repr": "Présidence: calcul signaux faibles (72h) - 5 résultats",
    "ip_address": null,
    "timestamp": "2026-01-14T15:49:39.415Z"
  }
},
{
  "model": "agents.auditlog",
  "pk": 623,
  "fields": {
    "user": 1,
    "action": "VIEW_PRESIDENCE_BRIEFING",
    "target_repr": "Présidence briefing",
    "ip_address": "127.0.0.1",
    "timestamp": "2026-01-14T16:08:36.892Z"
  }
},
{
  "model": "agents.auditlog",
  "pk": 624,
  "fields": {
    "user": 1,
    "action": "VIEW_RDC_MAP_STATUS",
    "target_repr": "Carte RDC sur briefing Présidence",
    "ip_address": "127.0.0.1",
    "timestamp": "2026-01-14T16:08:36.966Z"
  }
},
{
  "model": "agents.auditlog",
  "pk": 625,
  "fields": {
    "user": 1,
    "action": "SYSTEM_WEAK_SIGNALS",
    "target_repr": "Présidence: calcul signaux faibles (72h) - 5 résultats",
    "ip_address": null,
    "timestamp": "2026-01-14T16:08:37.117Z"
  }
},
{
  "model": "agents.auditlog",
  "pk": 626,
  "fields": {
    "user": 1,
    "action": "VIEW_PRESIDENCE_BRIEFING",
    "target_repr": "Présidence briefing",
    "ip_address": "127.0.0.1",
    "timestamp": "2026-01-14T16:08:50.712Z"
  }
},
{
  "model": "agents.auditlog",
  "pk": 627,
  "fields": {
    "user": 1,
    "action": "VIEW_RDC_MAP_STATUS",
    "target_repr": "Carte RDC sur briefing Présidence",
    "ip_address": "127.0.0.1",
    "timestamp": "2026-01-14T16:08:50.793Z"
  }
},
{
  "model": "agents.auditlog",
  "pk": 628,
  "fields": {
    "user": 1,
    "action": "SYSTEM_WEAK_SIGNALS",
    "target_repr": "Présidence: calcul signaux faibles (72h) - 5 résultats",
    "ip_address": null,
    "timestamp": "2026-01-14T16:08:50.946Z"
  }
},
{
  "model": "agents.auditlog",
  "pk": 629,
  "fields": {
    "user": 1,
    "action": "VIEW_PRESIDENCE_BRIEFING",
    "target_repr": "Présidence briefing",
    "ip_address": "127.0.0.1",
    "timestamp": "2026-01-14T16:08:51.931Z"
  }
},
{
  "model": "agents.auditlog",
  "pk": 630,
  "fields": {
    "user": 1,
    "action": "VIEW_RDC_MAP_STATUS",
    "target_repr": "Carte RDC sur briefing Présidence",
    "ip_address": "127.0.0.1",
    "timestamp": "2026-01-14T16:08:51.999Z"
  }
},
{
  "model": "agents.auditlog",
  "pk": 631,
  "fields": {
    "user": 1,
    "action": "SYSTEM_WEAK_SIGNALS",
    "target_repr": "Présidence: calcul signaux faibles (72h) - 5 résultats",
    "ip_address": null,
    "timestamp": "2026-01-14T16:08:52.134Z"
  }
},
{
  "model": "agents.auditlog",
  "pk": 632,
  "fields": {
    "user": 1,
    "action": "LOGIN",
    "target_repr": "Système",
    "ip_address": "127.0.0.1",
    "timestamp": "2026-01-14T16:08:59.731Z"
  }
},
{
  "model": "agents.auditlog",
  "pk": 633,
  "fields": {
    "user": 1,
    "action": "VIEW_PRESIDENCE_BRIEFING",
    "target_repr": "Présidence briefing",
    "ip_address": "127.0.0.1",
    "timestamp": "2026-01-14T16:09:02.043Z"
  }
},
{
  "model": "agents.auditlog",
  "pk": 634,
  "fields": {
    "user": 1,
    "action": "VIEW_RDC_MAP_STATUS",
    "target_repr": "Carte RDC sur briefing Présidence",
    "ip_address": "127.0.0.1",
    "timestamp": "2026-01-14T16:09:02.095Z"
  }
},
{
  "model": "agents.auditlog",
  "pk": 635,
  "fields": {
    "user": 1,
    "action": "SYSTEM_WEAK_SIGNALS",
    "target_repr": "Présidence: calcul signaux faibles (72h) - 5 résultats",
    "ip_address": null,
    "timestamp": "2026-01-14T16:09:02.187Z"
  }
},
{
  "model": "agents.auditlog",
  "pk": 636,
  "fields": {
    "user": 1,
    "action": "VIEW_PRESIDENCE_BRIEFING",
    "target_repr": "Présidence briefing",
    "ip_address": "127.0.0.1",
    "timestamp": "2026-01-14T16:10:16.757Z"
  }
},
{
  "model": "agents.auditlog",
  "pk": 637,
  "fields": {
    "user": 1,
    "action": "VIEW_RDC_MAP_STATUS",
    "target_repr": "Carte RDC sur briefing Présidence",
    "ip_address": "127.0.0.1",
    "timestamp": "2026-01-14T16:10:16.835Z"
  }
},
{
  "model": "agents.auditlog",
  "pk": 638,
  "fields": {
    "user": 1,
    "action": "SYSTEM_WEAK_SIGNALS",
    "target_repr": "Présidence: calcul signaux faibles (72h) - 5 résultats",
    "ip_address": null,
    "timestamp": "2026-01-14T16:10:16.977Z"
  }
},
{
  "model": "agents.auditlog",
  "pk": 639,
  "fields": {
    "user": 1,
    "action": "VIEW_PRESIDENCE_BRIEFING",
    "target_repr": "Présidence briefing",
    "ip_address": "127.0.0.1",
    "timestamp": "2026-01-14T16:10:17.974Z"
  }
},
{
  "model": "agents.auditlog",
  "pk": 640,
  "fields": {
    "user": 1,
    "action": "VIEW_RDC_MAP_STATUS",
    "target_repr": "Carte RDC sur briefing Présidence",
    "ip_address": "127.0.0.1",
    "timestamp": "2026-01-14T16:10:18.048Z"
  }
},
{
  "model": "agents.auditlog",
  "pk": 641,
  "fields": {
    "user": 1,
    "action": "SYSTEM_WEAK_SIGNALS",
    "target_repr": "Présidence: calcul signaux faibles (72h) - 5 résultats",
    "ip_address": null,
    "timestamp": "2026-01-14T16:10:18.191Z"
  }
},
{
  "model": "agents.auditlog",
  "pk": 642,
  "fields": {
    "user": 1,
    "action": "VIEW_PRESIDENCE_BRIEFING",
    "target_repr": "Présidence briefing",
    "ip_address": "127.0.0.1",
    "timestamp": "2026-01-14T16:10:18.868Z"
  }
},
{
  "model": "agents.auditlog",
  "pk": 643,
  "fields": {
    "user": 1,
    "action": "VIEW_RDC_MAP_STATUS",
    "target_repr": "Carte RDC sur briefing Présidence",
    "ip_address": "127.0.0.1",
    "timestamp": "2026-01-14T16:10:18.944Z"
  }
},
{
  "model": "agents.auditlog",
  "pk": 644,
  "fields": {
    "user": 1,
    "action": "SYSTEM_WEAK_SIGNALS",
    "target_repr": "Présidence: calcul signaux faibles (72h) - 5 résultats",
    "ip_address": null,
    "timestamp": "2026-01-14T16:10:19.081Z"
  }
},
{
  "model": "agents.auditlog",
  "pk": 645,
  "fields": {
    "user": 1,
    "action": "VIEW_PRESIDENCE_BRIEFING",
    "target_repr": "Présidence briefing",
    "ip_address": "127.0.0.1",
    "timestamp": "2026-01-14T16:10:19.726Z"
  }
},
{
  "model": "agents.auditlog",
  "pk": 646,
  "fields": {
    "user": 1,
    "action": "VIEW_RDC_MAP_STATUS",
    "target_repr": "Carte RDC sur briefing Présidence",
    "ip_address": "127.0.0.1",
    "timestamp": "2026-01-14T16:10:19.797Z"
  }
},
{
  "model": "agents.auditlog",
  "pk": 647,
  "fields": {
    "user": 1,
    "action": "SYSTEM_WEAK_SIGNALS",
    "target_repr": "Présidence: calcul signaux faibles (72h) - 5 résultats",
    "ip_address": null,
    "timestamp": "2026-01-14T16:10:19.938Z"
  }
},
{
  "model": "agents.auditlog",
  "pk": 648,
  "fields": {
    "user": 1,
    "action": "VIEW_PRESIDENCE_BRIEFING",
    "target_repr": "Présidence briefing",
    "ip_address": "127.0.0.1",
    "timestamp": "2026-01-14T16:10:20.472Z"
  }
},
{
  "model": "agents.auditlog",
  "pk": 649,
  "fields": {
    "user": 1,
    "action": "VIEW_RDC_MAP_STATUS",
    "target_repr": "Carte RDC sur briefing Présidence",
    "ip_address": "127.0.0.1",
    "timestamp": "2026-01-14T16:10:20.538Z"
  }
},
{
  "model": "agents.auditlog",
  "pk": 650,
  "fields": {
    "user": 1,
    "action": "SYSTEM_WEAK_SIGNALS",
    "target_repr": "Présidence: calcul signaux faibles (72h) - 5 résultats",
    "ip_address": null,
    "timestamp": "2026-01-14T16:10:20.669Z"
  }
},
{
  "model": "agents.auditlog",
  "pk": 651,
  "fields": {
    "user": 1,
    "action": "VIEW_PRESIDENCE_BRIEFING",
    "target_repr": "Présidence briefing",
    "ip_address": "127.0.0.1",
    "timestamp": "2026-01-14T16:14:11.112Z"
  }
},
{
  "model": "agents.auditlog",
  "pk": 652,
  "fields": {
    "user": 1,
    "action": "VIEW_RDC_MAP_STATUS",
    "target_repr": "Carte RDC sur briefing Présidence",
    "ip_address": "127.0.0.1",
    "timestamp": "2026-01-14T16:14:11.183Z"
  }
},
{
  "model": "agents.auditlog",
  "pk": 653,
  "fields": {
    "user": 1,
    "action": "SYSTEM_WEAK_SIGNALS",
    "target_repr": "Présidence: calcul signaux faibles (72h) - 5 résultats",
    "ip_address": null,
    "timestamp": "2026-01-14T16:14:11.330Z"
  }
},
{
  "model": "agents.auditlog",
  "pk": 654,
  "fields": {
    "user": 1,
    "action": "VIEW_PRESIDENCE_BRIEFING",
    "target_repr": "Présidence briefing",
    "ip_address": "127.0.0.1",
    "timestamp": "2026-01-14T16:14:24.940Z"
  }
},
{
  "model": "agents.auditlog",
  "pk": 655,
  "fields": {
    "user": 1,
    "action": "VIEW_RDC_MAP_STATUS",
    "target_repr": "Carte RDC sur briefing Présidence",
    "ip_address": "127.0.0.1",
    "timestamp": "2026-01-14T16:14:25.018Z"
  }
},
{
  "model": "agents.auditlog",
  "pk": 656,
  "fields": {
    "user": 1,
    "action": "SYSTEM_WEAK_SIGNALS",
    "target_repr": "Présidence: calcul signaux faibles (72h) - 5 résultats",
    "ip_address": null,
    "timestamp": "2026-01-14T16:14:25.157Z"
  }
},
{
  "model": "agents.auditlog",
  "pk": 657,
  "fields": {
    "user": 1,
    "action": "VIEW_PRESIDENCE_BRIEFING",
    "target_repr": "Présidence briefing",
    "ip_address": "127.0.0.1",
    "timestamp": "2026-01-14T21:52:44.040Z"
  }
},
{
  "model": "agents.auditlog",
  "pk": 658,
  "fields": {
    "user": 1,
    "action": "VIEW_RDC_MAP_STATUS",
    "target_repr": "Carte RDC sur briefing Présidence",
    "ip_address": "127.0.0.1",
    "timestamp": "2026-01-14T21:52:44.094Z"
  }
},
{
  "model": "agents.auditlog",
  "pk": 659,
  "fields": {
    "user": 1,
    "action": "SYSTEM_WEAK_SIGNALS",
    "target_repr": "Présidence: calcul signaux faibles (72h) - 5 résultats",
    "ip_address": null,
    "timestamp": "2026-01-14T21:52:44.197Z"
  }
},
{
  "model": "agents.auditlog",
  "pk": 660,
  "fields": {
    "user": 1,
    "action": "VIEW_PRESIDENCE_BRIEFING",
    "target_repr": "Présidence briefing",
    "ip_address": "127.0.0.1",
    "timestamp": "2026-01-14T23:06:36.506Z"
  }
},
{
  "model": "agents.auditlog",
  "pk": 661,
  "fields": {
    "user": 1,
    "action": "VIEW_RDC_MAP_STATUS",
    "target_repr": "Carte RDC sur briefing Présidence",
    "ip_address": "127.0.0.1",
    "timestamp": "2026-01-14T23:06:36.575Z"
  }
},
{
  "model": "agents.auditlog",
  "pk": 662,
  "fields": {
    "user": 1,
    "action": "SYSTEM_WEAK_SIGNALS",
    "target_repr": "Présidence: calcul signaux faibles (72h) - 5 résultats",
    "ip_address": null,
    "timestamp": "2026-01-14T23:06:36.697Z"
  }
},
{
  "model": "agents.auditlog",
  "pk": 663,
  "fields": {
    "user": 1,
    "action": "LOGIN",
    "target_repr": "Système",
    "ip_address": "127.0.0.1",
    "timestamp": "2026-01-14T23:06:43.191Z"
  }
},
{
  "model": "agents.auditlog",
  "pk": 664,
  "fields": {
    "user": 1,
    "action": "LOGIN",
    "target_repr": "Système",
    "ip_address": "127.0.0.1",
    "timestamp": "2026-01-14T23:15:39.766Z"
  }
},
{
  "model": "agents.auditlog",
  "pk": 665,
  "fields": {
    "user": 1,
    "action": "LOGIN",
    "target_repr": "Système",
    "ip_address": "127.0.0.1",
    "timestamp": "2026-01-14T23:28:44.240Z"
  }
},
{
  "model": "agents.auditlog",
  "pk": 666,
  "fields": {
    "user": 1,
    "action": "VIEW_PRESIDENCE_BRIEFING",
    "target_repr": "Présidence briefing",
    "ip_address": "127.0.0.1",
    "timestamp": "2026-01-14T23:28:49.102Z"
  }
},
{
  "model": "agents.auditlog",
  "pk": 667,
  "fields": {
    "user": 1,
    "action": "VIEW_RDC_MAP_STATUS",
    "target_repr": "Carte RDC sur briefing Présidence",
    "ip_address": "127.0.0.1",
    "timestamp": "2026-01-14T23:28:49.155Z"
  }
},
{
  "model": "agents.auditlog",
  "pk": 668,
  "fields": {
    "user": 1,
    "action": "SYSTEM_WEAK_SIGNALS",
    "target_repr": "Présidence: calcul signaux faibles (72h) - 5 résultats",
    "ip_address": null,
    "timestamp": "2026-01-14T23:28:49.258Z"
  }
},
{
  "model": "agents.cnsavis",
  "pk": 1,
  "fields": {
    "title": "test",
    "content": "test",
    "urgency": "FAIBLE",
    "recommendation": "test",
    "sent_at": null,
    "read_at": "2026-01-13T10:00:22.077Z",
    "presidency_decision": "PENDING",
    "decision_at": null,
    "decision_by": null,
    "created_at": "2026-01-13T08:22:49.224Z",
    "created_by": 8,
    "status": "SENT"
  }
},
{
  "model": "agents.cnsavis",
  "pk": 2,
  "fields": {
    "title": "Test",
    "content": "test cns",
    "urgency": "MOYENNE",
    "recommendation": "",
    "sent_at": null,
    "read_at": "2026-01-13T10:00:22.077Z",
    "presidency_decision": "PENDING",
    "decision_at": null,
    "decision_by": null,
    "created_at": "2026-01-13T08:43:28.467Z",
    "created_by": 8,
    "status": "SENT"
  }
},
{
  "model": "agents.cnsavis",
  "pk": 3,
  "fields": {
    "title": "Test",
    "content": "Cns test",
    "urgency": "MOYENNE",
    "recommendation": "",
    "sent_at": null,
    "read_at": "2026-01-13T10:00:22.077Z",
    "presidency_decision": "PENDING",
    "decision_at": null,
    "decision_by": null,
    "created_at": "2026-01-13T09:10:08.505Z",
    "created_by": 8,
    "status": "SENT"
  }
},
{
  "model": "agents.cnsavis",
  "pk": 4,
  "fields": {
    "title": "Alerte rouge",
    "content": "Vigilance maximal",
    "urgency": "MOYENNE",
    "recommendation": "",
    "sent_at": "2026-01-13T09:34:04.563Z",
    "read_at": "2026-01-13T10:00:22.077Z",
    "presidency_decision": "PENDING",
    "decision_at": null,
    "decision_by": null,
    "created_at": "2026-01-13T09:34:04.563Z",
    "created_by": 8,
    "status": "SENT"
  }
},
{
  "model": "agents.cnsavis",
  "pk": 5,
  "fields": {
    "title": "VISU A",
    "content": "brouillon test",
    "urgency": "MOYENNE",
    "recommendation": "",
    "sent_at": null,
    "read_at": null,
    "presidency_decision": "PENDING",
    "decision_at": null,
    "decision_by": null,
    "created_at": "2026-01-13T09:37:35.453Z",
    "created_by": null,
    "status": "DRAFT"
  }
},
{
  "model": "agents.agentstatus",
  "pk": 1,
  "fields": {
    "user": 2,
    "status": "PATROL",
    "last_activity_at": "2026-01-12T17:54:14.982Z",
    "updated_at": "2026-01-12T17:54:14.982Z"
  }
},
{
  "model": "agents.agentstatus",
  "pk": 2,
  "fields": {
    "user": 3,
    "status": "AVAILABLE",
    "last_activity_at": null,
    "updated_at": "2026-01-12T11:27:04.134Z"
  }
},
{
  "model": "agents.agentstatus",
  "pk": 3,
  "fields": {
    "user": 6,
    "status": "PATROL",
    "last_activity_at": "2026-01-12T17:52:53.827Z",
    "updated_at": "2026-01-12T17:52:53.827Z"
  }
},
{
  "model": "agents.agentstatus",
  "pk": 4,
  "fields": {
    "user": 1,
    "status": "AVAILABLE",
    "last_activity_at": null,
    "updated_at": "2026-01-12T19:07:39.400Z"
  }
},
{
  "model": "agents.agentstatus",
  "pk": 5,
  "fields": {
    "user": 7,
    "status": "PATROL",
    "last_activity_at": "2026-01-13T21:49:23.298Z",
    "updated_at": "2026-01-13T21:49:23.298Z"
  }
},
{
  "model": "agents.recoupementticket",
  "pk": 1,
  "fields": {
    "created_at": "2026-01-11T15:33:54.623Z",
    "created_by": 1,
    "status": "IN_PROGRESS",
    "level": "YELLOW",
    "title": "Signal: AFFAIRE",
    "evidence": "2 occurrences, priorité moy. 2.5",
    "keywords": "affaire",
    "window_hours": 72,
    "source": "weak_signals",
    "taken_by": 1,
    "due_at": "2026-01-13T15:33:54.623Z",
    "assigned_agents": []
  }
},
{
  "model": "agents.recoupementticket",
  "pk": 2,
  "fields": {
    "created_at": "2026-01-11T15:45:47.591Z",
    "created_by": 1,
    "status": "OPEN",
    "level": "YELLOW",
    "title": "Signal: AFFAIRE",
    "evidence": "2 occurrences, priorité moy. 2.5",
    "keywords": "affaire",
    "window_hours": 72,
    "source": "weak_signals",
    "taken_by": null,
    "due_at": "2026-01-10T13:46:50.931Z",
    "assigned_agents": []
  }
},
{
  "model": "agents.recoupementticket",
  "pk": 3,
  "fields": {
    "created_at": "2026-01-11T15:54:55.725Z",
    "created_by": 1,
    "status": "OPEN",
    "level": "YELLOW",
    "title": "Signal: AFFAIRE",
    "evidence": "2 occurrences, priorité moy. 2.5",
    "keywords": "affaire",
    "window_hours": 72,
    "source": "weak_signals",
    "taken_by": null,
    "due_at": "2026-01-13T15:54:55.724Z",
    "assigned_agents": []
  }
},
{
  "model": "agents.recoupementticket",
  "pk": 4,
  "fields": {
    "created_at": "2026-01-11T16:21:41.256Z",
    "created_by": 1,
    "status": "OPEN",
    "level": "YELLOW",
    "title": "Signal: AFFAIRE",
    "evidence": "2 occurrences, priorité moy. 2.5",
    "keywords": "affaire",
    "window_hours": 72,
    "source": "weak_signals",
    "taken_by": null,
    "due_at": "2026-01-13T16:21:41.256Z",
    "assigned_agents": []
  }
},
{
  "model": "agents.micromission",
  "pk": 1,
  "fields": {
    "agent": 2,
    "title": "Alerte",
    "description": "test",
    "status": "TODO",
    "created_at": "2026-01-12T18:02:53.844Z",
    "started_at": null,
    "completed_at": null
  }
},
{
  "model": "agents.micromission",
  "pk": 2,
  "fields": {
    "agent": 2,
    "title": "Test",
    "description": "test",
    "status": "TODO",
    "created_at": "2026-01-12T18:43:54.161Z",
    "started_at": null,
    "completed_at": null
  }
},
{
  "model": "agents.micromission",
  "pk": 3,
  "fields": {
    "agent": 1,
    "title": "test",
    "description": "marché",
    "status": "PROPOSED",
    "created_at": "2026-01-12T19:08:18.229Z",
    "started_at": null,
    "completed_at": null
  }
},
{
  "model": "agents.micromission",
  "pk": 4,
  "fields": {
    "agent": 1,
    "title": "test",
    "description": "test",
    "status": "PROPOSED",
    "created_at": "2026-01-12T19:21:23.280Z",
    "started_at": null,
    "completed_at": null
  }
},
{
  "model": "agents.micromission",
  "pk": 5,
  "fields": {
    "agent": 1,
    "title": "test",
    "description": "test",
    "status": "PROPOSED",
    "created_at": "2026-01-12T19:21:33.063Z",
    "started_at": null,
    "completed_at": null
  }
},
{
  "model": "agents.mission",
  "pk": 1,
  "fields": {
    "titre": "Mission test 001",
    "description": "Test assignation mission",
    "agent_assigned": 1,
    "created_by": 2,
    "status": "PENDING",
    "priority": 2,
    "due_date": null,
    "created_at": "2026-01-10T21:12:17.644Z",
    "completed_at": null,
    "report": "",
    "reported_at": null,
    "related_recoupement": null
  }
},
{
  "model": "agents.mission",
  "pk": 2,
  "fields": {
    "titre": "0002/Test",
    "description": "test",
    "agent_assigned": 1,
    "created_by": 2,
    "status": "COMPLETED",
    "priority": 2,
    "due_date": null,
    "created_at": "2026-01-10T21:30:03.408Z",
    "completed_at": "2026-01-10T21:59:02.847Z",
    "report": "",
    "reported_at": null,
    "related_recoupement": null
  }
},
{
  "model": "agents.mission",
  "pk": 3,
  "fields": {
    "titre": "Mission test 002",
    "description": "test à completer",
    "agent_assigned": 1,
    "created_by": 1,
    "status": "COMPLETED",
    "priority": 3,
    "due_date": "2026-01-10",
    "created_at": "2026-01-10T21:52:31.089Z",
    "completed_at": "2026-01-10T23:30:58.107Z",
    "report": "on as était sur le terain, tou s'est bien passé, nous avons cloturer et classer cette affaire",
    "reported_at": "2026-01-10T23:30:58.107Z",
    "related_recoupement": null
  }
},
{
  "model": "agents.mission",
  "pk": 4,
  "fields": {
    "titre": "DG SNEL",
    "description": "percusition",
    "agent_assigned": 1,
    "created_by": 2,
    "status": "IN_PROGRESS",
    "priority": 2,
    "due_date": null,
    "created_at": "2026-01-12T17:56:25.764Z",
    "completed_at": null,
    "report": "",
    "reported_at": null,
    "related_recoupement": null
  }
}
]
